ID,SCG Bibtex,Paper Year,Type,Type,# Pages,Title,First Author,Second Author,Third Author,Fourth Author,Fifth Author,Sixth Author,Seven Author,Eighth Author,Nineth Author,Tenth Author,Eleventh Author,Twelfth Author,# Authors,1,2,3,4,5,6,7,8,9,10,Year,Venue,Description,Location,Date
1,Saja03a,2003,Paper,Design Study,11,Program animation based on the roles of variables,"Sajaniemi, J.","Kuittinen, M.",,,,,,,,,,,2,3,1,0,0,0,0,0,0,0,0,2003,SOFTVIS,ACM Symposium on Software Visualization SOFTVIS'03,"San Diego, CA, USA","June 11 - 13, 2003"
2,Elmq03a,2003,Paper,Technique,11,Growing squares: animated visualization of causal relations,"Elmqvist, N.","Tsigas, P.",,,,,,,,,,,2,2,2,0,0,0,0,0,0,0,0,2003,SOFTVIS,ACM Symposium on Software Visualization SOFTVIS'03,"San Diego, CA, USA","June 11 - 13, 2003"
3,Marc03a,2003,Paper,Technique,11,3D representations for software visualization,"Marcus, A.","Feng, L.","Maletic, J.I.",,,,,,,,,,3,6,2,8,0,0,0,0,0,0,0,2003,SOFTVIS,ACM Symposium on Software Visualization SOFTVIS'03,"San Diego, CA, USA","June 11 - 13, 2003"
4,Wang03a,2003,Paper,Design Study,11,EVolve: an open extensible software visualization framework,"Wang, Q.","Wang, W.","Brown, R.","Driesen, K.","Dufour, B.","Hendren, L.","Verbrugge, C.",,,,,,7,1,1,1,1,1,1,1,0,0,0,2003,SOFTVIS,ACM Symposium on Software Visualization SOFTVIS'03,"San Diego, CA, USA","June 11 - 13, 2003"
5,Lint03a,2003,Paper,Commentary,11,Plugging-in visualization: experiences integrating a visualization tool with Eclipse,"Lintern, R.","Michaud, J.","Storey, M.-A.D.","Wu, X.",,,,,,,,,4,3,2,5,3,0,0,0,0,0,0,2003,SOFTVIS,ACM Symposium on Software Visualization SOFTVIS'03,"San Diego, CA, USA","June 11 - 13, 2003"
6,Reis03a,2003,Paper,Design Study,10,Visualizing Java in action,"Reiss, S.P.",,,,,,,,,,,,1,8,0,0,0,0,0,0,0,0,0,2003,SOFTVIS,ACM Symposium on Software Visualization SOFTVIS'03,"San Diego, CA, USA","June 11 - 13, 2003"
7,Orso03a,2003,Paper,Design Study,11,Visualization of program-execution data for deployed software,"Orso, A.","Jones, J.","Harrold, M.J.",,,,,,,,,,3,1,1,2,0,0,0,0,0,0,0,2003,SOFTVIS,ACM Symposium on Software Visualization SOFTVIS'03,"San Diego, CA, USA","June 11 - 13, 2003"
8,Coll03a,2003,Paper,Design Study,11,A system for graph-based visualization of the evolution of software,"Collberg, C.","Kobourov, S.","Nagra, J.","Pitts, J.","Wampler, K.",,,,,,,,5,1,1,1,1,1,0,0,0,0,0,2003,SOFTVIS,ACM Symposium on Software Visualization SOFTVIS'03,"San Diego, CA, USA","June 11 - 13, 2003"
9,Griss03a,2003,Paper,Commentary,8,Algorithm visualization in CS education: comparing levels of student engagement,"Grissom, S.","McNally, M.F.","Naps, T.",,,,,,,,,,3,1,1,1,0,0,0,0,0,0,0,2003,SOFTVIS,ACM Symposium on Software Visualization SOFTVIS'03,"San Diego, CA, USA","June 11 - 13, 2003"
10,Hubs03a,2003,Paper,Commentary,10,Dancing hamsters and marble statues: characterizing student visualizations of algorithms,"Hübscher-Younger, T.","Narayanan, N.H.",,,,,,,,,,,2,1,1,0,0,0,0,0,0,0,0,2003,SOFTVIS,ACM Symposium on Software Visualization SOFTVIS'03,"San Diego, CA, USA","June 11 - 13, 2003"
11,Tudo03a,2003,Paper,Formalism,11,Designing effective program visualization tools for reducing user's cognitive effort,"Tudoreanu, M.E.",,,,,,,,,,,,1,1,0,0,0,0,0,0,0,0,0,2003,SOFTVIS,ACM Symposium on Software Visualization SOFTVIS'03,"San Diego, CA, USA","June 11 - 13, 2003"
12,Jaco03a,2003,Paper,Technique,8,Interactive visual debugging with UML,"Jacobs, T.","Musial, B.",,,,,,,,,,,2,1,1,0,0,0,0,0,0,0,0,2003,SOFTVIS,ACM Symposium on Software Visualization SOFTVIS'03,"San Diego, CA, USA","June 11 - 13, 2003"
13,Ruth03a,2003,Paper,Evaluation,10,End-user software visualizations for fault localization,"Ruthruff, J.","Creswick, E.","Burnett, M.","Cook, C.","Prabhakararao, S.","Fisher,II, M.","Main, M.",,,,,,7,1,1,2,1,1,1,1,0,0,0,2003,SOFTVIS,ACM Symposium on Software Visualization SOFTVIS'03,"San Diego, CA, USA","June 11 - 13, 2003"
14,Mu03a,2003,Paper,Design Study,10,Interactive locality optimization on NUMA architectures,"Mu, T.","Tao, J.","Schulz, M.","McKee, S.A.",,,,,,,,,4,1,1,1,1,0,0,0,0,0,0,2003,SOFTVIS,ACM Symposium on Software Visualization SOFTVIS'03,"San Diego, CA, USA","June 11 - 13, 2003"
15,Zhou03a,2003,Paper,Design Study,7,Graph visualization for the analysis of the structure and dynamics of extreme-scale supercomputers,"Zhou, C.","Summers, S.L.","Caudell, T.P.",,,,,,,,,,3,1,1,1,0,0,0,0,0,0,0,2003,SOFTVIS,ACM Symposium on Software Visualization SOFTVIS'03,"San Diego, CA, USA","June 11 - 13, 2003"
16,Gasn03a,2003,Paper,Technique,8,Visualizing software for telecommunication services,"Gansner, E.R.","Mocenigo, M.M.","North, S.C.",,,,,,,,,,3,1,1,1,0,0,0,0,0,0,0,2003,SOFTVIS,ACM Symposium on Software Visualization SOFTVIS'03,"San Diego, CA, USA","June 11 - 13, 2003"
17,Eich03a,2003,Paper,Formalism,10,Nice class diagrams admit good design?,"Eichelberger, H.",,,,,,,,,,,,1,6,0,0,0,0,0,0,0,0,0,2003,SOFTVIS,ACM Symposium on Software Visualization SOFTVIS'03,"San Diego, CA, USA","June 11 - 13, 2003"
18,Haus03a,2003,Paper,Formalism,10,Visualizing model mappings in UML,"Hausmann, J.H.","Kent, S.",,,,,,,,,,,2,1,1,0,0,0,0,0,0,0,0,2003,SOFTVIS,ACM Symposium on Software Visualization SOFTVIS'03,"San Diego, CA, USA","June 11 - 13, 2003"
19,Gutw03a,2003,Paper,Formalism,10,A new approach for visualizing UML class diagrams,"Gutwenger, C.","Jünger, M.","Klein, K.","Kupke, J.","Leipert, S.","Mutzel, P.",,,,,,,6,1,1,1,1,1,1,0,0,0,0,2003,SOFTVIS,ACM Symposium on Software Visualization SOFTVIS'03,"San Diego, CA, USA","June 11 - 13, 2003 "
20,Eigl03a,2003,Paper,Technique,11, A topology-shape-metrics approach for the automatic layout of UML class diagrams,"Eiglsperger, M.","Kaufmann, M.","Siebenhaller, M.",,,,,,,,,,3,1,4,3,0,0,0,0,0,0,0,2003,SOFTVIS,ACM Symposium on Software Visualization SOFTVIS'03,"San Diego, CA, USA","June 11 - 13, 2003 "
21,Balo05a,2005,Paper,Formalism,10,Algorithm visualization using concept keyboards,"Baloian, N.","Breuer, H.","Luther, W.",,,,,,,,,,3,1,1,1,0,0,0,0,0,0,0,2005,SOFTVIS,ACM Symposium on Software Visualization SOFTVIS 2005,"St. Louis, MO, USA","May 14 - 15, 2005"
22,Joha05a,2005,Paper,Formalism,10,Algorithm animation using shape analysis: visualising abstract executions,"Johannes, D.","Seidel, R.","Wilhelm, R.",,,,,,,,,,3,1,2,2,0,0,0,0,0,0,0,2005,SOFTVIS,ACM Symposium on Software Visualization SOFTVIS 2005,"St. Louis, MO, USA","May 14 - 15, 2005"
23,Ghon05a,2005,Paper,Commentary,10,Peeking in solver strategies using explanations visualization of dynamic graphs for constraint programming,"Ghoniem, M.","Cambazard, H.","Fekete, J.-D.","Jussien, N.",,,,,,,,,4,1,1,1,1,0,0,0,0,0,0,2005,SOFTVIS,ACM Symposium on Software Visualization SOFTVIS 2005,"St. Louis, MO, USA","May 14 - 15, 2005"
24,Burc05a,2005,Paper,Design Study,10,Visual data mining in software archives,"Burch, M.","Diehl, S.","Weissgerber, P.",,,,,,,,,,3,3,8,2,0,0,0,0,0,0,0,2005,SOFTVIS,ACM Symposium on Software Visualization SOFTVIS 2005,"St. Louis, MO, USA","May 14 - 15, 2005"
25,Voin05a,2005,Paper,Design Study,11,CVSscan: visualization of code evolution,"Voinea, L.","Telea, A.","van Wijk, J.J.",,,,,,,,,,3,9,15,4,0,0,0,0,0,0,0,2005,SOFTVIS,ACM Symposium on Software Visualization SOFTVIS 2005,"St. Louis, MO, USA","May 14 - 15, 2005"
26,Orei05a,2005,Paper,Design Study,10,The war room command console: shared visualizations for inclusive team coordination,"O'Reilly, C.","Bustard, D.","Morrow, P.",,,,,,,,,,3,1,1,1,0,0,0,0,0,0,0,2005,SOFTVIS,ACM Symposium on Software Visualization SOFTVIS 2005,"St. Louis, MO, USA","May 14 - 15, 2005"
27,Pinz05a,2005,Paper,System,9,Visualizing multiple evolution metrics,"Pinzger, M.","Gall, H.","Fischer, M.","Lanza, M.",,,,,,,,,4,3,3,1,18,0,0,0,0,0,0,2005,SOFTVIS,ACM Symposium on Software Visualization SOFTVIS 2005,"St. Louis, MO, USA","May 14 - 15, 2005"
28,Khol05a,2005,Paper,Formalism,9,Visual specification and analysis of use cases,"Kholkar, D.","Krishna, K.M.","Shrotri, U.","Venkatesh, R.",,,,,,,,,4,1,1,1,1,0,0,0,0,0,0,2005,SOFTVIS,ACM Symposium on Software Visualization SOFTVIS 2005,"St. Louis, MO, USA","May 14 - 15, 2005"
29,Berg05a,2005,Paper,Formalism,8,Towards modeling context-sensitive interactive applications: the context-sensitive user interface profile (CUP),"Van den Bergh, J.","Coninx, K.",,,,,,,,,,,4,1,1,0,0,0,0,0,0,0,0,2005,SOFTVIS,ACM Symposium on Software Visualization SOFTVIS 2005,"St. Louis, MO, USA","May 14 - 15, 2005"
30,Gest05a,2005,Paper,Design Study,10,Methodology and architecture of JIVE,"Gestwicki, P.","Jayaraman, B.",,,,,,,,,,,2,1,1,0,0,0,0,0,0,0,0,2005,SOFTVIS,ACM Symposium on Software Visualization SOFTVIS 2005,"St. Louis, MO, USA","May 14 - 15, 2005"
31,Mall05a,2005,Paper,Formalism,10,Exploiting UML dynamic object modeling for the visualization of C++ programs,"Malloy, B.A.","Power, P.F.",,,,,,,,,,,2,1,1,0,0,0,0,0,0,0,0,2005,SOFTVIS,ACM Symposium on Software Visualization SOFTVIS 2005,"St. Louis, MO, USA","May 14 - 15, 2005"
32,Reis05a,2005,Paper,Design Study,11,Jove: java as it happens,"Reiss, S.P.","Renieris, M.",,,,,,,,,,,2,8,1,0,0,0,0,0,0,0,0,2005,SOFTVIS,ACM Symposium on Software Visualization SOFTVIS 2005,"St. Louis, MO, USA","May 14 - 15, 2005"
33,Bloc05a,2005,Paper,Design Study,11,Visualizing structural properties of irregular parallel computations,"Blochinger, W.","Kaufmann, M.","Siebenhaller, M.",,,,,,,,,,3,1,4,3,0,0,0,0,0,0,0,2005,SOFTVIS,ACM Symposium on Software Visualization SOFTVIS 2005,"St. Louis, MO, USA","May 14 - 15, 2005"
34,Cox05a,2005,Paper,Formalism,10,Adding parallelism to visual data flow programs,"Cox, P.","Gauvin, S.","Rau-Chaplin, A.",,,,,,,,,,3,1,2,1,0,0,0,0,0,0,0,2005,SOFTVIS,ACM Symposium on Software Visualization SOFTVIS 2005,"St. Louis, MO, USA","May 14 - 15, 2005"
35,Fris05a,2005,Paper,Design Study,11,Visualization of mobile object environments,"Frishman, Y.","Tal, A.",,,,,,,,,,,2,1,1,0,0,0,0,0,0,0,0,2005,SOFTVIS,ACM Symposium on Software Visualization SOFTVIS 2005,"St. Louis, MO, USA","May 14 - 15, 2005"
36,Noac05a,2005,Paper,Formalism,11,A space of layout styles for hierarchical graph models of software systems,"Noack, A.","Lewerentz, C.",,,,,,,,,,,2,1,4,0,0,0,0,0,0,0,0,2005,SOFTVIS,ACM Symposium on Software Visualization SOFTVIS 2005,"St. Louis, MO, USA","May 14 - 15, 2005"
37,Balz05a,2005,Paper,Formalism,9,Voronoi treemaps for the visualization of software metrics,"Balzer, M.","Deussen, O.","Lewerentz, C.",,,,,,,,,,3,1,2,4,0,0,0,0,0,0,0,2005,SOFTVIS,ACM Symposium on Software Visualization SOFTVIS 2005,"St. Louis, MO, USA","May 14 - 15, 2005"
38,Pana05a,2005,Paper,System,10,Online-configuration of software visualizations with Vizz3D,"Panas, T.","Lincke, R.","Löwe, W.",,,,,,,,,,3,2,1,1,0,0,0,0,0,0,0,2005,SOFTVIS,ACM Symposium on Software Visualization SOFTVIS 2005,"St. Louis, MO, USA","May 14 - 15, 2005"
39,Deli05a,2005,Paper,Design Study,10,Towards understanding programs through wear-based filtering,"DeLine, R.","Khella, A.","Czerwinski, M.","Robertson, G.",,,,,,,,,4,1,1,1,1,0,0,0,0,0,0,2005,SOFTVIS,ACM Symposium on Software Visualization SOFTVIS 2005,"St. Louis, MO, USA","May 14 - 15, 2005 "
40,Stor05a,2005,Paper,Formalism,11,On the use of visualization to support awareness of human activities in software development: a survey and a framework,"Storey, M.-A.D.","_ubrani_, D.","German, D.M.",,,,,,,,,,3,5,1,1,0,0,0,0,0,0,0,2005,SOFTVIS,ACM Symposium on Software Visualization SOFTVIS 2005,"St. Louis, MO, USA","May 14 - 15, 2005 "
41,Wend06a,2006,Paper,System,9,The Clack graphical router: visualizing network software,"Wendlandt, D.","Casado, M.","Tarjan, P.","McKeown, N.",,,,,,,,,4,1,1,1,1,0,0,0,0,0,0,2006,SOFTVIS,ACM symposium on Software visualization,"Brighton, UK",
42,Blum06a,2006,Paper,Formalism,10,Narrative algorithm visualization,"Blumenkrants, M.","Starovisky, H.","Shamir, A.",,,,,,,,,,3,1,1,1,0,0,0,0,0,0,0,2006,SOFTVIS,ACM symposium on Software visualization,"Brighton, UK",
43,Jain06a,2006,Paper,Design Study,10,Experimental evaluation of animated-verifying object viewers for Java,"Jain, J.","Cross,II, C.H.","Hendrix, T.D.","Barowski, L.A.",,,,,,,,,4,1,1,1,1,0,0,0,0,0,0,2006,SOFTVIS,ACM symposium on Software visualization,"Brighton, UK",
44,Pauw06a,2006,Paper,Design Study,9,Execution patterns for visualizing web services,"de Pauw, W.","Krasikov, S.","Morar, J.F.",,,,,,,,,,3,4,1,1,0,0,0,0,0,0,0,2006,SOFTVIS,ACM symposium on Software visualization,"Brighton, UK",
45,Gree06a,2006,Paper,Design Study,10,Visualizing live software systems in 3D,"Greevy, O.","Lanza, M.","Wysseier, C.",,,,,,,,,,3,4,18,2,0,0,0,0,0,0,0,2006,SOFTVIS,ACM symposium on Software visualization,"Brighton, UK",
46,Deme06a,2006,Paper,System,10,A data-driven graphical toolkit for software visualization,"Demetrescu, C.","Finocchi, I.",,,,,,,,,,,2,1,1,0,0,0,0,0,0,0,0,2006,SOFTVIS,ACM symposium on Software visualization,"Brighton, UK",
47,Gauv06a,2006,Paper,Technique,9,"Transparency, holophrasting, and automatic layout applied to control structures for visual dataflow programming languages","Gauvin, S.","Banyasad, O.",,,,,,,,,,,2,2,1,0,0,0,0,0,0,0,0,2006,SOFTVIS,ACM symposium on Software visualization,"Brighton, UK",
48,Kara06a,2006,Paper,Taxonomy,9,Taxonomy of algorithm animation languages,"Karavirta, V.","Korhonen, A.","Malmi, L.",,,,,,,,,,3,1,1,3,0,0,0,0,0,0,0,2006,SOFTVIS,ACM symposium on Software visualization,"Brighton, UK",
49,Alsp06a,2006,Paper,System,8,Using social agents to visualize software scenarios,"Alspaugh, T.A.","Tomlinson, B.","Baumer, E.",,,,,,,,,,3,1,1,1,0,0,0,0,0,0,0,2006,SOFTVIS,ACM symposium on Software visualization,"Brighton, UK",
50,Bohn06a,2006,Paper,Design Study,10,Visual exploration of function call graphs for feature location in complex software systems,"Bohnet, J.","Döllner, J.",,,,,,,,,,,2,6,9,0,0,0,0,0,0,0,0,2006,SOFTVIS,ACM symposium on Software visualization,"Brighton, UK",
51,Byel06a,2006,Paper,Technique,10,Visualization of areas of interest in software architecture diagrams,"Byelas, H.","Telea, A.",,,,,,,,,,,2,2,15,0,0,0,0,0,0,0,0,2006,SOFTVIS,ACM symposium on Software visualization,"Brighton, UK",
52,Voin06b,2006,Paper,Design Study,10,Multiscale and multivariate visualizations of software evolution,"Voinea, L.","Telea, A.",,,,,,,,,,,2,9,15,0,0,0,0,0,0,0,0,2006,SOFTVIS,ACM symposium on Software visualization,"Brighton, UK",
53,Reis06a,2006,Paper,Formalism,10,Visualizing program execution using user abstractions,"Reiss, S.P.",,,,,,,,,,,,1,8,0,0,0,0,0,0,0,0,0,2006,SOFTVIS,ACM symposium on Software visualization,"Brighton, UK",
54,Meye06a,2006,Paper,Technique,10,Mondrian: an agile information visualization framework,"Meyer, M.","Gîrba, T.","Lungu, M.",,,,,,,,,,3,1,5,4,0,0,0,0,0,0,0,2006,SOFTVIS,ACM symposium on Software visualization,"Brighton, UK",
55,Fron06a,2006,Challenge,N/A,2,3D visualisation of code structures in Java software systems,"Fronk, A.","Bruckhoff, A.","Kern, M.",,,,,,,,,,3,1,1,1,0,0,0,0,0,0,0,2006,SOFTVIS,ACM symposium on Software visualization,"Brighton, UK",
56,Voin06a,2006,Challenge,N/A,2,How do changes in buggy Mozilla files propagate?,"Voinea, L.","Telea, A.",,,,,,,,,,,2,9,15,0,0,0,0,0,0,0,0,2006,SOFTVIS,ACM symposium on Software visualization,"Brighton, UK",
57,Hosk06a,2006,Poster,N/A,2,A tool for visualizing schemas for semistructured data,"Hosking, J.","Khoussainova, N.","Dobbie, G.",,,,,,,,,,3,1,1,1,0,0,0,0,0,0,0,2006,SOFTVIS,ACM symposium on Software visualization,"Brighton, UK",
58,Tani06a,2006,Poster,N/A,2,A transparent interface to state-space search programs,"Tanimoto, S.L.","Levialdi, S.",,,,,,,,,,,2,1,1,0,0,0,0,0,0,0,0,2006,SOFTVIS,ACM symposium on Software visualization,"Brighton, UK",
59,Balo06a,2006,Poster,N/A,2,A visualization software for the network simplex algorithm,"Baloukas, T.","Paparrizos, K.",,,,,,,,,,,2,1,1,0,0,0,0,0,0,0,0,2006,SOFTVIS,ACM symposium on Software visualization,"Brighton, UK",
60,Hund06a,2006,Poster,N/A,2,Adding procedures and pointers to the ALVIS algorithm visualization software: a preliminary design,"Hundhausen, C.D.","Brown, B.L.","Farley, S.",,,,,,,,,,3,1,1,1,0,0,0,0,0,0,0,2006,SOFTVIS,ACM symposium on Software visualization,"Brighton, UK",
61,Liu06a,2006,Poster,N/A,2,Animation of control flow for low-level debugging,"Liu, H.","Vainstein, F.",,,,,,,,,,,2,1,1,0,0,0,0,0,0,0,0,2006,SOFTVIS,ACM symposium on Software visualization,"Brighton, UK",
62,Sieb06a,2006,Poster,N/A,2,Drawing activity diagrams,"Siebenhaller, M.","Kaufmann, M.",,,,,,,,,,,2,3,4,0,0,0,0,0,0,0,0,2006,SOFTVIS,ACM symposium on Software visualization,"Brighton, UK",
63,Ansl06a,2006,Poster,N/A,2,Evaluating X3D for use in software visualization,"Anslow, C.","Marshall, S.","Noble, J.","Biddle, R.",,,,,,,,,4,8,6,8,4,0,0,0,0,0,0,2006,SOFTVIS,ACM symposium on Software visualization,"Brighton, UK",
64,Wolf06a,2006,Poster,N/A,2,Evolutionary layout of UML class diagrams,"Wolff v. Gudenberg, J.","Niederle, A.","Ebner, M.","Eichelberger, H.",,,,,,,,,5,3,1,1,6,0,0,0,0,0,0,2006,SOFTVIS,ACM symposium on Software visualization,"Brighton, UK",
65,Juck06b,2006,Poster,N/A,2,Evolutionary layout: preserving the mental map during the development of class models,"Jucknath-John, S.","Graf, D.","Taentzer, G.",,,,,,,,,,3,2,2,1,0,0,0,0,0,0,0,2006,SOFTVIS,ACM symposium on Software visualization,"Brighton, UK",
66,Juck06a,2006,Poster,N/A,2,Icon graphs: visualizing the evolution of large class models,"Jucknath-John, S.","Graf, D.",,,,,,,,,,,2,2,2,0,0,0,0,0,0,0,0,2006,SOFTVIS,ACM symposium on Software visualization,"Brighton, UK",
67,Paze06a,2006,Poster,N/A,2,Intentional MPI programming in a visual development environment,"Pazel, D.P.","Tibbitts, T.R.",,,,,,,,,,,2,1,1,0,0,0,0,0,0,0,0,2006,SOFTVIS,ACM symposium on Software visualization,"Brighton, UK",
68,Parn06a,2006,Poster,N/A,2,Lightweight visualizations for inspecting code smells,"Parnin, C.","Görg, C.",,,,,,,,,,,2,4,5,0,0,0,0,0,0,0,0,2006,SOFTVIS,ACM symposium on Software visualization,"Brighton, UK",
69,Saja06a,2006,Poster,N/A,2,Metaphor-based animation of OO programs,"Sajaniemi, J.","Byckling, P.","Gerdt, P.",,,,,,,,,,3,3,1,1,0,0,0,0,0,0,0,2006,SOFTVIS,ACM symposium on Software visualization,"Brighton, UK",
70,Kerr06a,2006,Poster,N/A,2,Novel algorithm explanation techniques for improving algorithm teaching,"Kerren, A.","Müldner, T.","Shakshuki, E.",,,,,,,,,,3,3,1,1,0,0,0,0,0,0,0,2006,SOFTVIS,ACM symposium on Software visualization,"Brighton, UK",
71,Piet06a,2006,Poster,N/A,2,Semantic web data visualization with graph style sheets,"Pietriga, E.",,,,,,,,,,,,1,1,0,0,0,0,0,0,0,0,0,2006,SOFTVIS,ACM symposium on Software visualization,"Brighton, UK",
72,Lung06a,2006,Poster,N/A,2,Softwarenaut: cutting edge visualization,"Lungu, M.","Lanza, M.",,,,,,,,,,,2,4,18,0,0,0,0,0,0,0,0,2006,SOFTVIS,ACM symposium on Software visualization,"Brighton, UK",
73,Reed06a,2006,Poster,N/A,2,The effect of comparison cueing and exchange motion on comprehension of program visualizations,"Reed, B.","Rhodes, P.","Kraemer, E.","Davis, E.T.","Hailston, K.",,,,,,,,5,2,2,3,1,1,0,0,0,0,0,2006,SOFTVIS,ACM symposium on Software visualization,"Brighton, UK",
74,Rhod06a,2006,Poster,N/A,2,The importance of interactive questioning techniques in the comprehension of algorithm animations,"Rhodes, P.","Kraemer, E.","Reed, B.",,,,,,,,,,3,2,3,2,0,0,0,0,0,0,0,2006,SOFTVIS,ACM symposium on Software visualization,"Brighton, UK",
75,Kahn06a,2006,Poster,N/A,2,Time travelling animated program executions,"Kahn, K.",,,,,,,,,,,,1,1,0,0,0,0,0,0,0,0,0,2006,SOFTVIS,ACM symposium on Software visualization,"Brighton, UK",
76,Knod06a,2006,Poster,N/A,2,Towards empirically validated software architecture visualization,"Knodel, J.","Muthig, D.","Naab, M.","Zeckzer, D.",,,,,,,,,4,1,1,1,6,0,0,0,0,0,0,2006,SOFTVIS,ACM symposium on Software visualization,"Brighton, UK",
77,Elmq06a,2006,Poster,N/A,2,TrustNeighborhoods in a nutshell,"Elmqvist, N.","Tsigas, P.",,,,,,,,,,,2,2,2,0,0,0,0,0,0,0,0,2006,SOFTVIS,ACM symposium on Software visualization,"Brighton, UK",
78,Reic06a,2006,Poster,N/A,2,Two-dimensional C++,"Reichardt, J.",,,,,,,,,,,,1,1,0,0,0,0,0,0,0,0,0,2006,SOFTVIS,ACM symposium on Software visualization,"Brighton, UK",
79,Giff06a,2006,Poster,N/A,2,Visual snippet editor,"Giffen, P.R.","Proulx, A.","Boo, J.",,,,,,,,,,3,1,1,1,0,0,0,0,0,0,0,2006,SOFTVIS,ACM symposium on Software visualization,"Brighton, UK",
80,Sing06a,2006,Poster,N/A,2,Visualized adaptive runtime subsystems,"Singer, J.","Kirkham, C.",,,,,,,,,,,2,1,1,0,0,0,0,0,0,0,0,2006,SOFTVIS,ACM symposium on Software visualization,"Brighton, UK",
81,Lobo06a,2006,Poster,N/A,2,WADEIn II: adaptive explanatory visualization for expressions evaluation,"Loboda, T.D.","Brusilovsky, P.",,,,,,,,,,,2,1,1,0,0,0,0,0,0,0,0,2006,SOFTVIS,ACM symposium on Software visualization,"Brighton, UK",
82,Stas08a,2008,Keynote,N/A,2,Visualization for information exploration and analysis: keynote presentation,"Stasko, J.",,,,,,,,,,,,1,1,0,0,0,0,0,0,0,0,0,2008,SOFTVIS,4th ACM symposium on Software visualization,"Munich, Germany","September 16 - 17, 2008"
83,Xie08a,2008,Paper,Evaluation,10,Assessing the benefits of synchronization-adorned sequence diagrams: two controlled experiments,"Xie, S.","Kraemer, E.","Stirewalt, R.E.","Dillon, L.K.","Fleming, S.D.",,,,,,,,6,1,3,1,1,1,0,0,0,0,0,2008,SOFTVIS,4th ACM symposium on Software visualization,"Munich, Germany","September 16 - 17, 2008"
84,Shah08a,2008,Paper,Evaluation,10,Visualization of exception handling constructs to support program understanding,"Shah, H.","Görg, C.","Harrold, M.J.",,,,,,,,,,3,1,5,2,0,0,0,0,0,0,0,2008,SOFTVIS,4th ACM symposium on Software visualization,"Munich, Germany","September 16 - 17, 2008"
85,Pich08a,2008,Paper,Technique,4,Visual analysis of importance and grouping in software dependency graphs,"Pich, C.","Nachmanson, L.","Robertson, G.G.",,,,,,,,,,3,1,1,2,0,0,0,0,0,0,0,2008,SOFTVIS,4th ACM symposium on Software visualization,"Munich, Germany","September 16 - 17, 2008"
86,Pard08a,2008,Paper,System,4,Algorithm visualization using concrete and abstract shape graphs,"Parduhn, S.A.","Seidel, R.","Wilhelm, R.",,,,,,,,,,3,1,2,2,0,0,0,0,0,0,0,2008,SOFTVIS,4th ACM symposium on Software visualization,"Munich, Germany","September 16 - 17, 2008"
87,Zeck08a,2008,Paper,Technique,10,Analyzing the reliability of communication between software entities using a 3D visualization of clustered graphs,"Zeckzer, D.","Kalcklösch, R.","Schröder, L.","Hagen, H.","Klein, T.",,,,,,,,5,6,1,1,1,1,0,0,0,0,0,2008,SOFTVIS,4th ACM symposium on Software visualization,"Munich, Germany","September 16 - 17, 2008"
88,Sund08a,2008,Paper,System,10,"HDPV: interactive, faithful, in-vivo runtime state visualization for C/C++ and Java","Sundararaman, J.","Back, G.",,,,,,,,,,,2,1,1,0,0,0,0,0,0,0,0,2008,SOFTVIS,4th ACM symposium on Software visualization,"Munich, Germany","September 16 - 17, 2008"
89,Cott08a,2008,Paper,Design Study,10,Representing unit test data for large scale software development,"Cottam, J.A.","Hursey, J.","Lumsdaine, A.",,,,,,,,,,3,1,1,2,0,0,0,0,0,0,0,2008,SOFTVIS,4th ACM symposium on Software visualization,"Munich, Germany","September 16 - 17, 2008"
90,Tele08a,2008,Paper,System,10,An interactive reverse engineering environment for large-scale C++ code,"Telea, A.","Voinea, L.",,,,,,,,,,,2,15,9,0,0,0,0,0,0,0,0,2008,SOFTVIS,4th ACM symposium on Software visualization,"Munich, Germany","September 16 - 17, 2008"
91,Parn08a,2008,Paper,Design Study,10,A catalogue of lightweight visualizations to support code smell inspection,"Parnin, C.","Görg, C.","Nnadi, O.",,,,,,,,,,3,4,5,1,0,0,0,0,0,0,0,2008,SOFTVIS,4th ACM symposium on Software visualization,"Munich, Germany","September 16 - 17, 2008"
92,Sens08a,2008,Paper,Evaluation,4,Classifying desirable features of software visualization tools for corrective maintenance,"Sensalire, M.","Ogao, P.","Telea, A.",,,,,,,,,,3,3,3,15,0,0,0,0,0,0,0,2008,SOFTVIS,4th ACM symposium on Software visualization,"Munich, Germany","September 16 - 17, 2008"
93,Diet08a,2008,Paper,Technique,4,Cluster analysis of Java dependency graphs,"Dietrich, J.","Yakovlev, V.","McCartin, C.","Jenson, G.","Duchrow, M.",,,,,,,,5,1,1,1,1,1,0,0,0,0,0,2008,SOFTVIS,4th ACM symposium on Software visualization,"Munich, Germany","September 16 - 17, 2008"
94,Pilg08a,2008,Paper,System,10,"Gef3D: a framework for two-, two-and-a-half-, and three-dimensional graphical editors","von Pilgrim, J.","Duske, K.",,,,,,,,,,,2,1,1,0,0,0,0,0,0,0,0,2008,SOFTVIS,4th ACM symposium on Software visualization,"Munich, Germany","September 16 - 17, 2008"
95,Eich08a,2008,Paper,Formalism,10,Automatic layout of UML use case diagrams,"Eichelberger, H.",,,,,,,,,,,,1,6,0,0,0,0,0,0,0,0,0,2008,SOFTVIS,4th ACM symposium on Software visualization,"Munich, Germany","September 16 - 17, 2008"
96,Ploeg08a,2008,Paper,Technique,11,Improving an interactive visualization of transition systems,"Ploeger, B.","Tankink, C.",,,,,,,,,,,2,1,1,0,0,0,0,0,0,0,0,2008,SOFTVIS,4th ACM symposium on Software visualization,"Munich, Germany","September 16 - 17, 2008"
97,Pauw08a,2008,Paper,Design Study,10,Streamsight: a visualization tool for large-scale streaming applications,"de Pauw, W.","Andrade, H.","Amini, L.",,,,,,,,,,3,4,1,1,0,0,0,0,0,0,0,2008,SOFTVIS,4th ACM symposium on Software visualization,"Munich, Germany","September 16 - 17, 2008"
98,Subr08a,2008,Paper,Evaluation,10,Software visualization for end-user programmers: trial period obstacles,"Subrahmaniyan, N.","Burnett, M.","Bogart, C.",,,,,,,,,,3,1,2,1,0,0,0,0,0,0,0,2008,SOFTVIS,4th ACM symposium on Software visualization,"Munich, Germany","September 16 - 17, 2008"
99,Hare08a,2008,Paper,System,11,Visualizing inter-dependencies between scenarios,"Harel, D.","Segall, I.",,,,,,,,,,,2,1,1,0,0,0,0,0,0,0,0,2008,SOFTVIS,4th ACM symposium on Software visualization,"Munich, Germany","September 16 - 17, 2008"
100,Wett08a,2008,Paper,Evaluation,10,Visually localizing design problems with disharmony maps,"Wettel, R.","Lanza, M.",,,,,,,,,,,2,2,18,0,0,0,0,0,0,0,0,2008,SOFTVIS,4th ACM symposium on Software visualization,"Munich, Germany","September 16 - 17, 2008"
101,Bern08a,2008,Paper,Design Study,11,Stacked-widget visualization of scheduling-based algorithms,"Bernardin, T.","Budge, B.C.","Hamann, B.",,,,,,,,,,3,1,1,1,0,0,0,0,0,0,0,2008,SOFTVIS,4th ACM symposium on Software visualization,"Munich, Germany","September 16 - 17, 2008"
102,Nest08a,2008,Paper,System,10,Applying visualisation techniques in software product lines,"Nestor, D.","Thiel, S.","Botterweck, G.","Cawley, C.","Healy, P.",,,,,,,,5,1,1,1,1,1,0,0,0,0,0,2008,SOFTVIS,4th ACM symposium on Software visualization,"Munich, Germany","September 16 - 17, 2008"
103,Pana08a,2008,Paper,Technique,4,Signature visualization of software binaries,"Panas, T.",,,,,,,,,,,,1,2,0,0,0,0,0,0,0,0,0,2008,SOFTVIS,4th ACM symposium on Software visualization,"Munich, Germany","September 16 - 17, 2008"
104,Ther08a,2008,Paper,System,4,Supporting the understanding of the evolution of software items,"Theron, R.","Gonzalez, A.","Garcia, F.J.",,,,,,,,,,3,1,1,1,0,0,0,0,0,0,0,2008,SOFTVIS,4th ACM symposium on Software visualization,"Munich, Germany","September 16 - 17, 2008"
105,Savi08a,2008,Paper,Technique,4,Rapid visual design with semantics encoding through 3d CRC cards,"Savidis, A.","Papadakos, P.","Zargianakis, G.",,,,,,,,,,3,1,1,1,0,0,0,0,0,0,0,2008,SOFTVIS,4th ACM symposium on Software visualization,"Munich, Germany","September 16 - 17, 2008"
106,Agui08b,2008,Poster,N/A,2,A landscape metaphor for visualization of software projects,"Aguirregoitia, A.","Dolado, D.J.","Presedo, C.",,,,,,,,,,3,2,2,2,0,0,0,0,0,0,0,2008,SOFTVIS,4th ACM symposium on Software visualization,"Munich, Germany","September 16 - 17, 2008"
107,Agui08a,2008,Poster,N/A,2,A metro map metaphor for visualization of software projects,"Aguirregoitia, A.","Dolado, D.J.","Presedo, C.",,,,,,,,,,3,2,2,2,0,0,0,0,0,0,0,2008,SOFTVIS,4th ACM symposium on Software visualization,"Munich, Germany","September 16 - 17, 2008"
108,Carn08a,2008,Poster,N/A,2,Combining software visualization paradigms to support software comprehension activities,"de F. Carneiro, G.","Magnavita, R.","Mendonça, M.",,,,,,,,,,4,1,1,1,0,0,0,0,0,0,0,2008,SOFTVIS,4th ACM symposium on Software visualization,"Munich, Germany","September 16 - 17, 2008"
109,Dach08a,2008,Poster,N/A,2,Enhancing UML sketch tools with digital pens and paper,"Dachselt, R.","Frisch, M.","Decker, E.",,,,,,,,,,3,3,3,1,0,0,0,0,0,0,0,2008,SOFTVIS,4th ACM symposium on Software visualization,"Munich, Germany","September 16 - 17, 2008"
110,Byel08a,2008,Poster,N/A,2,Texture-based visualization of metrics on software architectures,"Byelas, H.","Telea, A.",,,,,,,,,,,2,2,15,0,0,0,0,0,0,0,0,2008,SOFTVIS,4th ACM symposium on Software visualization,"Munich, Germany","September 16 - 17, 2008"
111,Fris08a,2008,Poster,N/A,2,Towards seamless semantic zooming techniques for UML diagrams,"Frisch, M.","Dachselt, R.","Brückmann, T.",,,,,,,,,,3,3,3,1,0,0,0,0,0,0,0,2008,SOFTVIS,4th ACM symposium on Software visualization,"Munich, Germany","September 16 - 17, 2008"
112,Alme08a,2008,Poster,N/A,2,VAST: visualization of abstract syntax trees within language processors courses,"Almeida-Martínez, F.J.","Urquiza-Fuentes, J.","Velázquez-Iturbide, J.Á.",,,,,,,,,,3,1,1,1,0,0,0,0,0,0,0,2008,SOFTVIS,4th ACM symposium on Software visualization,"Munich, Germany","September 16 - 17, 2008"
113,Thom08a,2008,Poster,N/A,2,Visualizing the computation tree of the Tutte Polynomial,"Thompson, B.","Pearce, P.J.","Anslow, C.","Haggard, G.",,,,,,,,,4,1,1,8,2,0,0,0,0,0,0,2008,SOFTVIS,4th ACM symposium on Software visualization,"Munich, Germany","September 16 - 17, 2008 "
114,Ansl08a,2008,Poster,N/A,2,Web software visualization using extensible 3D (X3D) graphics,"Anslow, C.","Noble, J.","Marshall, S.","Biddle, R.",,,,,,,,,4,8,8,6,4,0,0,0,0,0,0,2008,SOFTVIS,4th ACM symposium on Software visualization,"Munich, Germany","September 16 - 17, 2008 "
115,Deur10a,2010,Keynote,N/A,1,A pragmatic perspective on software visualization,"van Deursen, A.",,,,,,,,,,,,1,1,0,0,0,0,0,0,0,0,0,2010,SOFTVIS,5th international symposium on Software visualization,"Salt Lake City, UT, USA","October 25 - 26, 2010 "
116,Booc10a,2010,Capstone,N/A,1,Why don't developers draw diagrams?,"Booch, G.",,,,,,,,,,,,1,1,0,0,0,0,0,0,0,0,0,2010,SOFTVIS,5th international symposium on Software visualization,"Salt Lake City, UT, USA","October 25 - 26, 2010 "
117,Murp10a,2010,Paper,Design Study,10,An interactive ambient visualization for code smells,"Murphy-Hill, E.","Black, B.P.",,,,,,,,,,,2,2,1,0,0,0,0,0,0,0,0,2010,SOFTVIS,5th international symposium on Software visualization,"Salt Lake City, UT, USA","October 25 - 26, 2010"
118,Parn10a,2010,Paper,Formalism,10,CodePad: interactive spaces for maintaining concentration in programming environments,"Parnin, C.","Görg, C.","Rugaber, S.",,,,,,,,,,3,4,5,1,0,0,0,0,0,0,0,2010,SOFTVIS,5th international symposium on Software visualization,"Salt Lake City, UT, USA","October 25 - 26, 2010"
119,Ansl10a,2010,Paper,Evaluation,10,User evaluation of polymetric views using a large visualization wall,"Anslow, C.","Marshall, S.","Noble, J.","Tempero, E.","Biddle, R.",,,,,,,,5,8,6,8,1,4,0,0,0,0,0,2010,SOFTVIS,5th international symposium on Software visualization,"Salt Lake City, UT, USA","October 25 - 26, 2010"
120,Ogaw10a,2010,Paper,Technique,7,Software evolution storylines,"Ogawa, M.","Ma, K.",,,,,,,,,,,2,1,1,0,0,0,0,0,0,0,0,2010,SOFTVIS,5th international symposium on Software visualization,"Salt Lake City, UT, USA","October 25 - 26, 2010"
121,Robe10a,2010,Paper,System,10,AllocRay: memory allocation visualization for unmanaged languages,"Robertson, G.G.","Chilimbi, T.","Lee, B.",,,,,,,,,,3,2,1,1,0,0,0,0,0,0,0,2010,SOFTVIS,5th international symposium on Software visualization,"Salt Lake City, UT, USA","October 25 - 26, 2010"
122,Afta10a,2010,Paper,Design Study,10,Heapviz: interactive heap visualization for program understanding and debugging,"Aftandilian, E.E.","Kelley, S.","Gramazio, C.","Ricci, N.","Su, S.L.","Guyer, S.Z.",,,,,,,6,1,1,1,1,1,2,0,0,0,0,2010,SOFTVIS,5th international symposium on Software visualization,"Salt Lake City, UT, USA","October 25 - 26, 2010"
123,Myer10a,2010,Paper,Formalism,9,A map of the heap: revealing design abstractions in runtime structures,"Myers, C.","Duke, D.",,,,,,,,,,,2,1,1,0,0,0,0,0,0,0,0,2010,SOFTVIS,5th international symposium on Software visualization,"Salt Lake City, UT, USA","October 25 - 26, 2010"
124,Adam10a,2010,Paper,Design Study,10,Trevis: a context tree visualization & analysis framework and its use for classifying performance failure reports,"Adamoli, A.","Hauswirth, M.",,,,,,,,,,,2,1,2,0,0,0,0,0,0,0,0,2010,SOFTVIS,5th international symposium on Software visualization,"Salt Lake City, UT, USA","October 25 - 26, 2010"
125,Ruan10a,2010,Paper,Design Study,10,Exploring the inventor's paradox: applying jigsaw to software visualization,"Ruan, H.","Anslow, C.","Marshall, S.","Noble, J.",,,,,,,,,4,1,8,6,8,0,0,0,0,0,0,2010,SOFTVIS,5th international symposium on Software visualization,"Salt Lake City, UT, USA","October 25 - 26, 2010"
126,Isla10a,2010,Paper,Design Study,10,Dependence cluster visualization,"Islam, S.S.","Krinke, J.","Binkley, D.",,,,,,,,,,3,1,1,1,0,0,0,0,0,0,0,2010,SOFTVIS,5th international symposium on Software visualization,"Salt Lake City, UT, USA","October 25 - 26, 2010"
127,Lin10a,2010,Paper,Design Study,10,Towards anomaly comprehension: using structural compression to navigate profiling call-trees,"Lin, S.","Taïani, F.","Ormerod, T.C.","Ball, L.J.",,,,,,,,,4,1,1,1,1,0,0,0,0,0,0,2010,SOFTVIS,5th international symposium on Software visualization,"Salt Lake City, UT, USA","October 25 - 26, 2010"
128,Kuhn10a,2010,Paper,Design Study,10,Embedding spatial software visualization in the IDE: an exploratory study,"Kuhn, A.","Erni, D.","Nierstrasz, O.",,,,,,,,,,3,3,1,2,0,0,0,0,0,0,0,2010,SOFTVIS,5th international symposium on Software visualization,"Salt Lake City, UT, USA","October 25 - 26, 2010"
129,Wu10a,2010,Paper,Design Study,10,Visualizing windows system traces,"Wu, Y.","Yap, Y.H.","Halim, F.",,,,,,,,,,3,1,1,1,0,0,0,0,0,0,0,2010,SOFTVIS,5th international symposium on Software visualization,"Salt Lake City, UT, USA","October 25 - 26, 2010"
130,Trum10a,2010,Paper,Technique,10,Understanding complex multithreaded software systems by using trace visualization,"Trümper, J.","Bohnet, J.","Döllner, J.",,,,,,,,,,3,1,6,9,0,0,0,0,0,0,0,2010,SOFTVIS,5th international symposium on Software visualization,"Salt Lake City, UT, USA","October 25 - 26, 2010"
131,Pauw10a,2010,Paper,Design Study,10,Zinsight: a visual and analytic environment for exploring large event traces,"de Pauw, W.","Heisig, S.",,,,,,,,,,,2,4,1,0,0,0,0,0,0,0,0,2010,SOFTVIS,5th international symposium on Software visualization,"Salt Lake City, UT, USA","October 25 - 26, 2010"
132,Helm10a,2010,Paper,System,10,Jype - a program visualization and programming exercise tool for Python,"Helminen, J.","Malmi, L.",,,,,,,,,,,2,1,3,0,0,0,0,0,0,0,0,2010,SOFTVIS,5th international symposium on Software visualization,"Salt Lake City, UT, USA","October 25 - 26, 2010"
133,Fris10a,2010,Paper,Technique,10,Off-screen visualization techniques for class diagrams,"Frisch, M.","Dachselt, R.",,,,,,,,,,,2,3,3,0,0,0,0,0,0,0,0,2010,SOFTVIS,5th international symposium on Software visualization,"Salt Lake City, UT, USA","October 25 - 26, 2010"
134,Albr10a,2010,Paper,Technique,10,An automatic layout algorithm for BPEL processes,"Albrecht, B.","Effinger, P.","Held, M.","Kaufmann, M.",,,,,,,,,4,1,1,1,4,0,0,0,0,0,0,2010,SOFTVIS,5th international symposium on Software visualization,"Salt Lake City, UT, USA","October 25 - 26, 2010"
135,Beck10b,2010,Paper,Technique,10,Visual comparison of software architectures,"Beck, F.","Diehl, S.",,,,,,,,,,,2,6,8,0,0,0,0,0,0,0,0,2010,SOFTVIS,5th international symposium on Software visualization,"Salt Lake City, UT, USA","October 25 - 26, 2010"
136,Stein10a,2010,Paper,Design Study,10,Representing development history in software cities,"Steinbrückner, F.","Lewerentz, C.",,,,,,,,,,,2,1,4,0,0,0,0,0,0,0,0,2010,SOFTVIS,5th international symposium on Software visualization,"Salt Lake City, UT, USA","October 25 - 26, 2010"
137,Kerr10a,2010,Poster,N/A,2,3D kiviat diagrams for the interactive analysis of software metric trends,"Kerren, A.","Jusufi, I.",,,,,,,,,,,2,3,1,0,0,0,0,0,0,0,0,2010,SOFTVIS,5th international symposium on Software visualization,"Salt Lake City, UT, USA","October 25 - 26, 2010"
138,Meda10a,2010,Poster,N/A,2,Graph works - pilot graph theory visualization tool,"Medani, D.","Haggard, G.","Bassett, C.","Koch, P.","Lampert, N.","Medlock, T.","Pierce, S.","Smith, R.","Yehl, A.",,,,9,1,2,1,1,1,1,1,1,1,0,2010,SOFTVIS,5th international symposium on Software visualization,"Salt Lake City, UT, USA","October 25 - 26, 2010"
139,Zeck10a,2010,Poster,N/A,2,Visualizing software entities using a matrix layout,"Zeckzer, D.",,,,,,,,,,,,1,6,0,0,0,0,0,0,0,0,0,2010,SOFTVIS,5th international symposium on Software visualization,"Salt Lake City, UT, USA","October 25 - 26, 2010"
140,Foll10a,2010,Poster,N/A,2,ImpactViz: visualizing class dependencies and the impact of changes in software revisions,"Follett, M.","Hoeber, O.",,,,,,,,,,,2,1,1,0,0,0,0,0,0,0,0,2010,SOFTVIS,5th international symposium on Software visualization,"Salt Lake City, UT, USA","October 25 - 26, 2010"
141,Jean10a,2010,Poster,N/A,2,VIPERS: visual prototyping environment for real-time imaging systems,"Jean, F.","Albu, A.B.",,,,,,,,,,,2,1,1,0,0,0,0,0,0,0,0,2010,SOFTVIS,5th international symposium on Software visualization,"Salt Lake City, UT, USA","October 25 - 26, 2010"
142,Beck10a,2010,Poster,N/A,2,Towards automated analysis and visualization of distributed software systems,"Beck, M.","Döllner, J.",,,,,,,,,,,2,2,9,0,0,0,0,0,0,0,0,2010,SOFTVIS,5th international symposium on Software visualization,"Salt Lake City, UT, USA","October 25 - 26, 2010"
143,Mahe10a,2010,Poster,N/A,2,TIE: an interactive visualization of thread interleavings,"Maheswara, G.","Bradbury, B.S.","Collins, C.",,,,,,,,,,3,1,1,1,0,0,0,0,0,0,0,2010,SOFTVIS,5th international symposium on Software visualization,"Salt Lake City, UT, USA","October 25 - 26, 2010"
144,Hump10a,2010,Poster,N/A,2,GEM: graphical explorer of MPI programs,"Humphrey, A.","Derrick, C.","Gopalakrishnan, G.","Tibbitts, B.R.",,,,,,,,,4,1,1,1,1,0,0,0,0,0,0,2010,SOFTVIS,5th international symposium on Software visualization,"Salt Lake City, UT, USA","October 25 - 26, 2010"
145,Bott10a,2010,Poster,N/A,2,Fault forest visualization,"Böttger, S.","Barthel, H.","Ebert, A.",,,,,,,,,,3,1,2,2,0,0,0,0,0,0,0,2010,SOFTVIS,5th international symposium on Software visualization,"Salt Lake City, UT, USA","October 25 - 26, 2010"
146,Chen10a,2010,Tool,N/A,2,xDIVA: automatic animation between debugging break points,"Cheng, Y.-P.","Tsai, H.","Wang, C.","Hsueh, C.",,,,,,,,,4,1,1,1,1,0,0,0,0,0,0,2010,SOFTVIS,5th international symposium on Software visualization,"Salt Lake City, UT, USA","October 25 - 26, 2010"
147,Thor10a,2010,Tool,N/A,2,Understanding relaxed memory consistency through interactive visualization,"Thorsen, Ø.","Wallace, C.",,,,,,,,,,,2,1,1,0,0,0,0,0,0,0,0,2010,SOFTVIS,5th international symposium on Software visualization,"Salt Lake City, UT, USA","October 25 - 26, 2010"
148,John10a,2010,Tool,N/A,2,Beat: a tool for visualizing the execution of object orientated concurrent programs,"Johnson, P.","Marsland, S.",,,,,,,,,,,2,1,1,0,0,0,0,0,0,0,0,2010,SOFTVIS,5th international symposium on Software visualization,"Salt Lake City, UT, USA","October 25 - 26, 2010"
149,Favr02a,2002,Paper,Commentary,10,Visualization of component-based software ,"Favre, J.-M.","Cervantes, H.",,,,,,,,,,,2,2,1,0,0,0,0,0,0,0,0,2002,VISSOFT,First International Workshop onVisualizing Software for Understanding and Analysis ,"Paris, France ",26-Jun-02
150,Tayl02a,2002,Paper,Technique,8,Revision Towers,"Taylor, C.M.B.","Munro, M.",,,,,,,,,,,2,1,5,0,0,0,0,0,0,0,0,2002,VISSOFT,First International Workshop onVisualizing Software for Understanding and Analysis ,"Paris, France ",26-Jun-02
151,Ploi02a,2002,Paper,Formalism,9,Analogical representations of programs,"Ploix, D.",,,,,,,,,,,,1,1,0,0,0,0,0,0,0,0,0,2002,VISSOFT,First International Workshop onVisualizing Software for Understanding and Analysis ,"Paris, France ",26-Jun-02
152,Lewe02a,2002,Paper,Technique,8,Metrics-based 3D visualization of large object-oriented programs,"Lewerentz, C.","Simon, F.",,,,,,,,,,,2,4,1,0,0,0,0,0,0,0,0,2002,VISSOFT,First International Workshop onVisualizing Software for Understanding and Analysis ,"Paris, France ",26-Jun-02
153,Dieh02a,2002,Paper,Technique,10,Reification of program points for visual execution ,"Diehl, S.","Kerren, A.",,,,,,,,,,,2,8,3,0,0,0,0,0,0,0,0,2002,VISSOFT,First International Workshop onVisualizing Software for Understanding and Analysis ,"Paris, France ",26-Jun-02
154,Smit02a,2002,Paper,Technique,9,Runtime visualisation of object oriented software,"Smith, M.P. ","Munro, M.",,,,,,,,,,,2,1,5,0,0,0,0,0,0,0,0,2002,VISSOFT,First International Workshop onVisualizing Software for Understanding and Analysis ,"Paris, France ",26-Jun-02
155,Purc02a,2002,Paper,Evaluation,10,UML collaboration diagram syntax: an empirical study of comprehension ,"Purchase, H.C.","Colpoys, L.","McGill, M.","Carrington, D.",,,,,,,,,4,1,1,1,1,0,0,0,0,0,0,2002,VISSOFT,First International Workshop onVisualizing Software for Understanding and Analysis ,"Paris, France ",26-Jun-02
156,Rill02a,2002,Paper,System,10,The CONCEPT project - applying source code analysis to reduce information complexity of static and dynamic visualization techniques,"Rilling, J.","Seffah, A.","Bouthlier, C.",,,,,,,,,,3,5,2,1,0,0,0,0,0,0,0,2002,VISSOFT,First International Workshop onVisualizing Software for Understanding and Analysis ,"Paris, France ",26-Jun-02
157,Saja02a,2002,Paper,Formalism,10,View definitions for language-independent multiple-view program comprehension and editing,"Sajaniemi, J.",,,,,,,,,,,,1,3,0,0,0,0,0,0,0,0,0,2002,VISSOFT,First International Workshop onVisualizing Software for Understanding and Analysis ,"Paris, France ",26-Jun-02
158,Male02a,2002,Paper,Taxonomy,9,A task oriented view of software visualization,"Maletic, J.I.","Marcus, A.","Collard, M.L.",,,,,,,,,,3,8,6,2,0,0,0,0,0,0,0,2002,VISSOFT,First International Workshop onVisualizing Software for Understanding and Analysis ,"Paris, France ",26-Jun-02
159,Fran02a,2002,Paper,Evaluation,8,Specifying algorithm visualizations in terms of data flow ,"Francik, J.",,,,,,,,,,,,1,1,0,0,0,0,0,0,0,0,0,2002,VISSOFT,First International Workshop onVisualizing Software for Understanding and Analysis ,"Paris, France ",26-Jun-02
160,Eich02a,2002,Paper,Formalism,9,Aesthetics of class diagrams,"Eichelberger, H.",,,,,,,,,,,,1,6,0,0,0,0,0,0,0,0,0,2002,VISSOFT,First International Workshop onVisualizing Software for Understanding and Analysis ,"Paris, France ",26-Jun-02
161,Ware03a,2003,Keynote,N/A,27,Thinking with Interactive Visualization ,"Ware, C.",,,,,,,,,,,,1,1,0,0,0,0,0,0,0,0,0,2003,VISSOFT,Second IEEE International Workshop on Visualizing Software for understanding and Analysis,"Amsterdam, Netherlands",22-Sep-03
162,Eich03a,2003,Paper,Commentary,5,UML Class Diagrams-State of the Art in Layout Techniques,"Eichelberger, H.","Wolff v. Gudenberg, J.",,,,,,,,,,,2,6,3,0,0,0,0,0,0,0,0,2003,VISSOFT,Second IEEE International Workshop on Visualizing Software for understanding and Analysis,"Amsterdam, Netherlands",22-Sep-03
163,Hamo03a,2003,Paper,Technique,6,Techniques for Reducing the Complexity of Object-Oriented Execution Traces,"Hamou-Lhadj, A.","Lethbridge, T.C.",,,,,,,,,,,2,2,1,0,0,0,0,0,0,0,0,2003,VISSOFT,Second IEEE International Workshop on Visualizing Software for understanding and Analysis,"Amsterdam, Netherlands",22-Sep-03
164,Hass03a,2003,Paper,Technique,5,ADG: Annotated Dependency Graphs for Software Understanding,"Hassan, A.E.","Holt, R.C.",,,,,,,,,,,2,1,2,0,0,0,0,0,0,0,0,2003,VISSOFT,Second IEEE International Workshop on Visualizing Software for understanding and Analysis,"Amsterdam, Netherlands",22-Sep-03
165,Favr03a,2003,Tool,N/A,2,Exploring the Many Architectures of a Very Large Component-Based Software,"Favre, J.-M.","Sanlaville, R.","Estublier, J.",,,,,,,,,,3,2,1,1,0,0,0,0,0,0,0,2003,VISSOFT,Second IEEE International Workshop on Visualizing Software for understanding and Analysis,"Amsterdam, Netherlands",22-Sep-03
166,Whee03a,2003,Tool,N/A,2,AutoCode: Using Memex-like Trails to Improve Program Comprehension,"Wheeldon, R.","Counsell, S.","Keenoy, K.",,,,,,,,,,3,1,1,1,0,0,0,0,0,0,0,2003,VISSOFT,Second IEEE International Workshop on Visualizing Software for understanding and Analysis,"Amsterdam, Netherlands",22-Sep-03
167,Lanz03a,2003,Tool,N/A,2,CodeCrawler - A Lightweight Software Visualization Tool,"Lanza, M.",,,,,,,,,,,,1,18,0,0,0,0,0,0,0,0,0,2003,VISSOFT,Second IEEE International Workshop on Visualizing Software for understanding and Analysis,"Amsterdam, Netherlands",22-Sep-03
168,Eich03b,2003,Tool,N/A,2,Demonstration of Advanced Layout of UML Class Diagrams by SugiBib,"Eichelberger, H.","Wolff v. Gudenberg, J.",,,,,,,,,,,2,6,3,0,0,0,0,0,0,0,0,2003,VISSOFT,Second IEEE International Workshop on Visualizing Software for understanding and Analysis,"Amsterdam, Netherlands",22-Sep-03
169,Brit03a,2003,Tool,N/A,2,GENISOM:  Self-Organizing Maps Applied in Visualising Large Software Collections,"Brittle, J.","Boldyreff, C.",,,,,,,,,,,2,2,2,0,0,0,0,0,0,0,0,2003,VISSOFT,Second IEEE International Workshop on Visualizing Software for understanding and Analysis,"Amsterdam, Netherlands",22-Sep-03
170,Marc03a,2003,Paper,N/A,2,Source Viewer 3D (sv3D):  A System for Visualizing Multi Dimensional Software Analysis Data ,"Marcus, A.","Feng, L.","Maletic, J.I.",,,,,,,,,,3,6,2,8,0,0,0,0,0,0,0,2003,VISSOFT,Second IEEE International Workshop on Visualizing Software for understanding and Analysis,"Amsterdam, Netherlands",22-Sep-03
171,Lint03a,2003,Tool,N/A,2,Plugging-in Visualization: Experiences Integrating a Visualization Tool with Eclipse,"Lintern, R.","Storey, M.-A.D.","Wu, X.","Michaud, J.",,,,,,,,,4,3,5,3,2,0,0,0,0,0,0,2003,VISSOFT,Second IEEE International Workshop on Visualizing Software for understanding and Analysis,"Amsterdam, Netherlands",22-Sep-03
172,Lanz03b,2003,Paper,Commentary,6,Program Visualization Support for Highly Iterative Development Environments,"Lanza, M.",,,,,,,,,,,,1,18,0,0,0,0,0,0,0,0,0,2003,VISSOFT,Second IEEE International Workshop on Visualizing Software for understanding and Analysis,"Amsterdam, Netherlands",22-Sep-03
173,Rill03a,2003,Paper,Commentary,7,Challenges in Visualizing and Reconstructing Architectural Views ,"Rilling, J.","Lizotte , M.",,,,,,,,,,,2,5,1,0,0,0,0,0,0,0,0,2003,VISSOFT,Second IEEE International Workshop on Visualizing Software for understanding and Analysis,"Amsterdam, Netherlands",22-Sep-03
174,Wu03a,2003,Paper,Commentary,7,Requirements for Visualizing Version Control Information,"Wu, X.","Murray, A.","Storey, M.-A.D.",,"Lintern, R.",,,,,,,,4,3,1,5,0,3,0,0,0,0,0,2003,VISSOFT,Second IEEE International Workshop on Visualizing Software for understanding and Analysis,"Amsterdam, Netherlands",22-Sep-03
175,Vida03a,2003,Paper,Formalism,5,Visualization for Software Risk Assessments,"Vidal, J.","Kuipers, T.",,,,,,,,,,,2,1,1,0,0,0,0,0,0,0,0,2003,VISSOFT,Second IEEE International Workshop on Visualizing Software for understanding and Analysis,"Amsterdam, Netherlands",22-Sep-03
176,Rill03b,2003,Paper,Commentary,6,MetaViz Issues in Software Visualizing Beyond 3D,"Rilling, J.","Wang, J.","Mudur, S.",,,,,,,,,,3,5,1,2,0,0,0,0,0,0,0,2003,VISSOFT,Second IEEE International Workshop on Visualizing Software for understanding and Analysis,"Amsterdam, Netherlands",22-Sep-03
177,Davi03a,2003,Paper,Design Study,6,KScope: A Modularized Tool for 3D Visualization of Object-Oriented Programs,"Davis, T.A.","Pestka, K.","Kaplan, A",,,,,,,,,,3,1,1,1,0,0,0,0,0,0,0,2003,VISSOFT,Second IEEE International Workshop on Visualizing Software for understanding and Analysis,"Amsterdam, Netherlands",22-Sep-03
178,Brit03b,2003,Paper,Design Study,6,Self-Organizing Maps Applied in Visualising Large Software Collections,"Brittle, J.","Boldyreff, C.",,,,,,,,,,,2,2,2,0,0,0,0,0,0,0,0,2003,VISSOFT,Second IEEE International Workshop on Visualizing Software for understanding and Analysis,"Amsterdam, Netherlands",22-Sep-03
179,Char03a,2003,Paper,Commentary,3,The end of the line for Software Visualisation?,"Charters, S.M.","Thomas, N.","Munro, M.",,,,,,,,,,3,1,1,5,0,0,0,0,0,0,0,2003,VISSOFT,Second IEEE International Workshop on Visualizing Software for understanding and Analysis,"Amsterdam, Netherlands",22-Sep-03
180,Male03a,2003,Paper,Commentary,4,CFB: A Call For Benchmarks - for Software Visualization ,"Maletic, J.I.","Marcus, A.",,,,,,,,,,,2,8,6,0,0,0,0,0,0,0,0,2003,VISSOFT,Second IEEE International Workshop on Visualizing Software for understanding and Analysis,"Amsterdam, Netherlands",22-Sep-03
181,Erbe05a,2005,Paper,System,6,SAB - The Software Architecture Browser,"Erben, N.","Lohr, K.-P.",,,,,,,,,,,2,1,1,0,0,0,0,0,0,0,0,2005,VISSOFT,3rdIEEE International Workshop onVisualizing Software for Understanding and Analysis ," Budapest, Hungary",25-Sep-05
182,Shar05a,2005,Paper,Technique,6,Interactive Exploration of UML Sequence Diagrams ,"Sharp, R.","Rountev, A.",,,,,,,,,,,2,1,1,0,0,0,0,0,0,0,0,2005,VISSOFT,3rdIEEE International Workshop onVisualizing Software for Understanding and Analysis ," Budapest, Hungary",25-Sep-05
183,Andr05a,2005,Paper,Technique,6,Evaluating UML Class Diagram Layout based on Architectural Importance,"Andriyevska, O.","Dragan, N.","Simoes, B.","Maletic, J.I.",,,,,,,,,4,1,1,1,8,0,0,0,0,0,0,2005,VISSOFT,3rdIEEE International Workshop onVisualizing Software for Understanding and Analysis ," Budapest, Hungary",25-Sep-05
184,Term05a,2005,Paper,Design Study,6,Visual Exploration of Combined Architectural and Metric Information,"Termeer, M. ","Lange, C.F.J.","Telea, A. ","Chaudron, M.R.V.",,,,,,,,,4,1,1,1,1,0,0,0,0,0,0,2005,VISSOFT,3rdIEEE International Workshop onVisualizing Software for Understanding and Analysis ," Budapest, Hungary",25-Sep-05
185,Holt05a,2005,Paper,Technique,6,Visual Realism for the Visualization of Software Metrics,"Holten, D.","Vliegen, R.","van Wijk, J.J.",,,,,,,,,,3,2,1,4,0,0,0,0,0,0,0,2005,VISSOFT,3rdIEEE International Workshop onVisualizing Software for Understanding and Analysis ," Budapest, Hungary",25-Sep-05
186,Duca05a,2005,Paper,Technique,6,Multi-level Method Understanding Using Microprints ,"Ducasse, S.","Lanza, M.","Robbes, R.",,,,,,,,,,3,4,18,2,0,0,0,0,0,0,0,2005,VISSOFT,3rdIEEE International Workshop onVisualizing Software for Understanding and Analysis ," Budapest, Hungary",25-Sep-05
187,Mesn05a,2005,Paper,System,6,White Coats: Web-Visualization of Evolving Software in 3D,"Mesnage, C.","Lanza, M.",,,,,,,,,,,2,1,18,0,0,0,0,0,0,0,0,2005,VISSOFT,3rdIEEE International Workshop onVisualizing Software for Understanding and Analysis ," Budapest, Hungary",25-Sep-05
188,Damb05a,2005,Paper,Technique,6,Fractal Figures: Visualizing Development Effort for CVS Entities ,"D'Ambros, M.","Lanza, M.","Gall, H.",,,,,,,,,,3,3,18,3,0,0,0,0,0,0,0,2005,VISSOFT,3rdIEEE International Workshop onVisualizing Software for Understanding and Analysis ," Budapest, Hungary",25-Sep-05
189,Tele05a,2005,Paper,Technique,6,Interactive Visual Mechanisms for Exploring Source Code Evolution,"Telea, A.","Voinea, L.",,,,,,,,,,,2,15,9,0,0,0,0,0,0,0,0,2005,VISSOFT,3rdIEEE International Workshop onVisualizing Software for Understanding and Analysis ," Budapest, Hungary",25-Sep-05
190,Reis05b,2005,Paper,Commentary,5,The Paradox of Software Visualization,"Reiss, S.P.",,,,,,,,,,,,1,8,0,0,0,0,0,0,0,0,0,2005,VISSOFT,3rdIEEE International Workshop onVisualizing Software for Understanding and Analysis ," Budapest, Hungary",25-Sep-05
191,Scha05a,2005,Paper,Commentary,6,Towards More Flexibility in Software Visualization Tools,"Schafer, T.","Mezini, M.",,,,,,,,,,,2,1,1,0,0,0,0,0,0,0,0,2005,VISSOFT,3rdIEEE International Workshop onVisualizing Software for Understanding and Analysis ," Budapest, Hungary",25-Sep-05
192,Cox05b,2005,Paper,Formalism,6,User Perspectives on a Visual Aid to Program Comprehension ,"Cox, A.","Fisher, M.","Muzzerall, J.",,,,,,,,,,3,1,1,1,0,0,0,0,0,0,0,2005,VISSOFT,3rdIEEE International Workshop onVisualizing Software for Understanding and Analysis ," Budapest, Hungary",25-Sep-05
193,Gall05a,2005,Paper,Taxonomy,6,A Framework for Software Architecture Visualisation Assessment ,"Gallagher, K.","Hatch, A.","Munro, M.",,,,,,,,,,3,1,1,5,0,0,0,0,0,0,0,2005,VISSOFT,3rdIEEE International Workshop onVisualizing Software for Understanding and Analysis ," Budapest, Hungary",25-Sep-05
194,Falk05a,2005,Paper,Technique,6,The Dominance Tree in Visualizing Software Dependencies,"Falke, R.","Klein, R.","Koschke, R.","Quante, J.",,,,,,,,,4,1,1,2,1,0,0,0,0,0,0,2005,VISSOFT,3rdIEEE International Workshop onVisualizing Software for Understanding and Analysis ," Budapest, Hungary",25-Sep-05
195,Balz05b,2005,Paper,Technique,6,Exploring Relations within Software Systems Using Treemap Enhanced Hierarchical Graphs,"Balzer, M. ","Deussen, O.",,,,,,,,,,,2,1,2,0,0,0,0,0,0,0,0,2005,VISSOFT,3rdIEEE International Workshop onVisualizing Software for Understanding and Analysis ," Budapest, Hungary",25-Sep-05
196,Lung05a,2005,Paper,System,6,Interactive Exploration of Semantic Clusters,"Lungu, M.","Kuhn, A.","Gîrba, T.","Lanza, M.",,,,,,,,,4,4,3,5,18,0,0,0,0,0,0,2005,VISSOFT,3rdIEEE International Workshop onVisualizing Software for Understanding and Analysis ," Budapest, Hungary",25-Sep-05
197,Xinr05a,2005,Paper,Technique,6,Support for Static Concept Location with sv3D,"Xie, X.","Poshyvanyk, D.","Marcus, A.",,,,,,,,,,3,1,1,6,0,0,0,0,0,0,0,2005,VISSOFT,3rdIEEE International Workshop onVisualizing Software for Understanding and Analysis ," Budapest, Hungary",25-Sep-05
198,Smit05a,2005,Paper,Commentary,6,Identifying Structural Features of Java Programs by Analysing the Interaction of Classes at Runtime,"Smith, M.P.","Munro, M.",,,,,,,,,,,2,1,5,0,0,0,0,0,0,0,0,2005,VISSOFT,3rdIEEE International Workshop onVisualizing Software for Understanding and Analysis ," Budapest, Hungary",25-Sep-05
199,Gree05a,2005,Paper,Technique,6,Visualizing Feature Interaction in 3-D,"Greevy, O.","Lanza, M.","Wysseier, C.",,,,,,,,,,3,4,18,2,0,0,0,0,0,0,0,2005,VISSOFT,3rdIEEE International Workshop onVisualizing Software for Understanding and Analysis ," Budapest, Hungary",25-Sep-05
200,Clea05a,2005,Tool,N/A,2,A Combined Software Reconnaissance &amp; Static Analysis Eclipse Visualisation Plug-in ,"Cleary, B. ","Le Gear, A.","Exton, C.","Buckley, J.",,,,,,,,,4,1,1,1,1,0,0,0,0,0,0,2005,VISSOFT,3rdIEEE International Workshop onVisualizing Software for Understanding and Analysis ," Budapest, Hungary",25-Sep-05
201,Rill05a,2005,Tool,N/A,2,Applying Code Analysis and 3D Design Pattern Grouping to Facilitate Program Comprehension,"Rilling, J.","Nguyen, V.-L.",,,,,,,,,,,2,5,1,0,0,0,0,0,0,0,0,2005,VISSOFT,3rdIEEE International Workshop onVisualizing Software for Understanding and Analysis ," Budapest, Hungary",25-Sep-05
202,Wilh05a,2005,Tool,N/A,2,Dependency Viewer - A Tool for Visualizing Package Design Quality Metrics ,"Wilhelm, M.","Diehl, S.",,,,,,,,,,,2,1,8,0,0,0,0,0,0,0,0,2005,VISSOFT,3rdIEEE International Workshop onVisualizing Software for Understanding and Analysis ," Budapest, Hungary",25-Sep-05
203,Burc05b,2005,Tool,N/A,2,EPOSee - A Tool For Visualizing Software Evolution,"Burch, M.","Diehl, S.","Weissgerber, P.",,,,,,,,,,3,3,8,2,0,0,0,0,0,0,0,2005,VISSOFT,3rdIEEE International Workshop onVisualizing Software for Understanding and Analysis ," Budapest, Hungary",25-Sep-05
204,Kien07a,2007,Paper,Taxonomy,8,Requirements of Software Visualization Tools: A Literature Survey,"Kienle, H.M.","Muller, H.A.",,,,,,,,,,,2,2,2,0,0,0,0,0,0,0,0,2007,VISSOFT,4th IEEE International Workshop on Visualizing Software for Understanding and Analysis,"Banff, Canada",25-26 June 2007
205,Rill07a,2007,Paper,Formalism,8,Software Visualization - A Process Perspective,"Rilling, J.","Meng, W.J.",Fuzhi Chen,"Charland, P.",,,,,,,,,4,5,1,1,1,0,0,0,0,0,0,2007,VISSOFT,4th IEEE International Workshop on Visualizing Software for Understanding and Analysis,"Banff, Canada",25-26 June 2007
206,Parn07a,2007,Paper,Formalism,8,Design Guidelines for Ambient Software Visualization in the Workplace,"Parnin, C.","Görg, C.",,,,,,,,,,,2,4,5,0,0,0,0,0,0,0,0,2007,VISSOFT,4th IEEE International Workshop on Visualizing Software for Understanding and Analysis,"Banff, Canada",25-26 June 2007
207,Sens07a,2007,Paper,Formalism,4,Visualizing Object Oriented Software: Towards a Point of Reference for Developing Tools for Industry ,"Sensalire, M.","Ogao, P.",,,,,,,,,,,2,3,3,0,0,0,0,0,0,0,0,2007,VISSOFT,4th IEEE International Workshop on Visualizing Software for Understanding and Analysis,"Banff, Canada",25-26 June 2007
208,More07a,2007,Paper,Design Study,8,Visualizing Dynamic Memory Allocations,"Moreta, S.","Telea, A.",,,,,,,,,,,2,1,15,0,0,0,0,0,0,0,0,2007,VISSOFT,4th IEEE International Workshop on Visualizing Software for Understanding and Analysis,"Banff, Canada",25-26 June 2007
209,Deel07a,2007,Paper,System,8,Visualization of Dynamic Program Aspects,"Deelen, P.","van Ham, F.",Cornells Huizing,"van de Wetering, H.",,,,,,,,,4,1,1,1,1,0,0,0,0,0,0,2007,VISSOFT,4th IEEE International Workshop on Visualizing Software for Understanding and Analysis,"Banff, Canada",25-26 June 2007
210,Holt07a,2007,Paper,Technique,8,Trace Visualization Using Hierarchical Edge Bundles and Massive Sequence Views,"Holten, D.","Cornelissen, B.","van Wijk, J.J.",,,,,,,,,,3,2,1,4,0,0,0,0,0,0,0,2007,VISSOFT,4th IEEE International Workshop on Visualizing Software for Understanding and Analysis,"Banff, Canada",25-26 June 2007
211,Cosm07a,2007,Paper,System,8,Distributable Features View: Visualizing the Structural Characteristics of Distributed Software Systems ,"Cosma, D.C.","Marinescu, R.",,,,,,,,,,,2,1,1,0,0,0,0,0,0,0,0,2007,VISSOFT,4th IEEE International Workshop on Visualizing Software for Understanding and Analysis,"Banff, Canada",25-26 June 2007
212,Bohn07a,2007,Paper,System,4,Facilitating Exploration of Unfamiliar Source Code by Providing 21/2D Visualizations of Dynamic Call Graphs,"Bohnet, J.","Döllner, J.",,,,,,,,,,,2,6,9,0,0,0,0,0,0,0,0,2007,VISSOFT,4th IEEE International Workshop on Visualizing Software for Understanding and Analysis,"Banff, Canada",25-26 June 2007
213,Lien07a,2007,Paper,Formalism,4,Rapid Prototyping of Visualizations using Mondrian,"Lienhard, A.","Kuhn, A.","Greevy, O.",,,,,,,,,,3,2,3,4,0,0,0,0,0,0,0,2007,VISSOFT,4th IEEE International Workshop on Visualizing Software for Understanding and Analysis,"Banff, Canada",25-26 June 2007
214,Bocc07a,2007,Paper,Technique,8,CocoViz: Towards Cognitive Software Visualizations,"Boccuzzo, S.","Gall, H.",,,,,,,,,,,2,1,3,0,0,0,0,0,0,0,0,2007,VISSOFT,4th IEEE International Workshop on Visualizing Software for Understanding and Analysis,"Banff, Canada",25-26 June 2007
215,Kagd07a,2007,Paper,Technique,8,Onion Graphs for Focus+Context Views of UML Class Diagrams,"Kagdi, H.","Maletic, J.I.",,,,,,,,,,,2,1,8,0,0,0,0,0,0,0,0,2007,VISSOFT,4th IEEE International Workshop on Visualizing Software for Understanding and Analysis,"Banff, Canada",25-26 June 2007
216,Padd07a,2007,Paper,Technique,4,Visualization Patterns: A Context-Sensitive Tool to Evaluate Visualization Techniques ,"Padda, H.","Seffah, A.","Mudur, S.",,,,,,,,,,3,1,2,2,0,0,0,0,0,0,0,2007,VISSOFT,4th IEEE International Workshop on Visualizing Software for Understanding and Analysis,"Banff, Canada",25-26 June 2007
217,Wett07a,2007,Paper,Technique,8,Visualizing Software Systems as Cities,"Wettel, R.","Lanza, M.",,,,,,,,,,,2,2,18,0,0,0,0,0,0,0,0,2007,VISSOFT,4th IEEE International Workshop on Visualizing Software for Understanding and Analysis,"Banff, Canada",25-26 June 2007
218,Holm07a,2007,Paper,System,8,Task-specific source code dependency investigation,"Holmes, R.","Walker, R.J.",,,,,,,,,,,2,2,2,0,0,0,0,0,0,0,0,2007,VISSOFT,4th IEEE International Workshop on Visualizing Software for Understanding and Analysis,"Banff, Canada",25-26 June 2007
219,Eick07a,2007,Paper,Formalism,4,Software Visualization in the Context of Service-Oriented Architectures,"Eicker, S.","Spies, T.","Kahl, C.",,,,,,,,,,3,1,1,1,0,0,0,0,0,0,0,2007,VISSOFT,4th IEEE International Workshop on Visualizing Software for Understanding and Analysis,"Banff, Canada",25-26 June 2007
220,Damb07a,2007,Paper,System,8,"""A Bug's Life"" Visualizing a Bug Database","D'Ambros, M.","Lanza, M.","Pinzger, M.",,,,,,,,,,3,3,18,3,0,0,0,0,0,0,0,2007,VISSOFT,4th IEEE International Workshop on Visualizing Software for Understanding and Analysis,"Banff, Canada",25-26 June 2007
221,Sawa07a,2007,Paper,Technique,8,DiffArchViz: A Tool to Visualize Correspondence Between Multiple Representations of a Software Architecture ,"Sawant, A.P.",,,,,,,,,,,,1,2,0,0,0,0,0,0,0,0,0,2007,VISSOFT,4th IEEE International Workshop on Visualizing Software for Understanding and Analysis,"Banff, Canada",25-26 June 2007
222,Hind07a,2007,Paper,System,8,YARN: Animating Software Evolution,"Hindle, A.",Zhen Ming Jiang,"Koleilat, W.","Godfrey, M.W.","Holt, R.C.",,,,,,,,5,1,1,1,1,2,0,0,0,0,0,2007,VISSOFT,4th IEEE International Workshop on Visualizing Software for Understanding and Analysis,"Banff, Canada",25-26 June 2007
223,Ripl07a,2007,Paper,Design Study,8,A Visualization for Software Project Awareness and Evolution ,"Ripley, R.M.","Sarma, A.","van der Hoek, Andre",,,,,,,,,,3,1,1,1,0,0,0,0,0,0,0,2007,VISSOFT,4th IEEE International Workshop on Visualizing Software for Understanding and Analysis,"Banff, Canada",25-26 June 2007
224,Bohn07b,2007,Paper,System,4,Evolutional Insights from UML and Source Code Versions using Information Visualization and Visual Analysis ,"Bohner, S.A.","Gracanin, D.","Henry, T.","Matkovic, K.",,,,,,,,,4,1,1,1,1,0,0,0,0,0,0,2007,VISSOFT,4th IEEE International Workshop on Visualizing Software for Understanding and Analysis,"Banff, Canada",25-26 June 2007
225,Roth07a,2007,Tool,N/A,2,Feature-centric Environment,"Rothlisberger, D.","Greevy, O.","Lienhard, A.",,,,,,,,,,3,1,4,2,0,0,0,0,0,0,0,2007,VISSOFT,4th IEEE International Workshop on Visualizing Software for Understanding and Analysis,"Banff, Canada",25-26 June 2007
226,Hamo07a,2007,Tool,N/A,2,Effective Exploration and Visualization of Large Execution Traces,"Hamou-Lhadj, A.",,,,,,,,,,,,1,2,0,0,0,0,0,0,0,0,0,2007,VISSOFT,4th IEEE International Workshop on Visualizing Software for Understanding and Analysis,"Banff, Canada",25-26 June 2007
227,Sawa07b,2007,Tool,N/A,2,SoftArchViz: A Software Architecture Visualization Tool,"Sawant, A.P.","Bali, N.",,,,,,,,,,,2,2,1,0,0,0,0,0,0,0,0,2007,VISSOFT,4th IEEE International Workshop on Visualizing Software for Understanding and Analysis,"Banff, Canada",25-26 June 2007
228,Voin07a,2007,Tool,N/A,2,Visualizing Debugging Activity in Source Code Repositories,"Voinea, L.","Telea, A.",,,,,,,,,,,2,9,15,0,0,0,0,0,0,0,0,2007,VISSOFT,4th IEEE International Workshop on Visualizing Software for Understanding and Analysis,"Banff, Canada",25-26 June 2007
229,Kien07b,2007,Challenge,N/A,2,Dependencies Analysis of Azureus with Rigi: Tool Demo Challenge,"Kienle, H.M.","Muller, H.A.","Martin, J.",,,,,,,,,,3,2,2,1,0,0,0,0,0,0,0,2007,VISSOFT,4th IEEE International Workshop on Visualizing Software for Understanding and Analysis,"Banff, Canada",25-26 June 2007
230,Bohn07c,2007,Challenge,N/A,2,CGA Call Graph Analyzer - Locating and Understanding Functionality within the Gnu Compiler Collection's Million Lines of Code ,"Bohnet, J.","Döllner, J.",,,,,,,,,,,2,6,9,0,0,0,0,0,0,0,0,2007,VISSOFT,4th IEEE International Workshop on Visualizing Software for Understanding and Analysis,"Banff, Canada",25-26 June 2007
231,Lang07a,2007,Challenge,N/A,2,Visual Analysis of Azureus using VERSO,"Langelier, G.","Dhambri, K.",,,,,,,,,,,2,1,1,0,0,0,0,0,0,0,0,2007,VISSOFT,4th IEEE International Workshop on Visualizing Software for Understanding and Analysis,"Banff, Canada",25-26 June 2007
232,Park09a,2009,Full Paper,Commentary,8,Beyond pretty pictures: Examining the benefits of code visualization for Open Source newcomers,Yunrim Park,"Jensen, C.",,,,,,,,,,,2,1,1,0,0,0,0,0,0,0,0,2009,VISSOFT,5th IEEE International Workshop onVisualizing Software for Understanding and Analysis,"Edmonton, Alberta, Canada","September 25, 2009"
233,Shar09a,2009,Full Paper,Evaluation,8,The effect of layout on the comprehension of UML class diagrams: A controlled experiment,"Sharif, B.","Maletic, J.I.",,,,,,,,,,,2,2,8,0,0,0,0,0,0,0,0,2009,VISSOFT,5th IEEE International Workshop onVisualizing Software for Understanding and Analysis,"Edmonton, Alberta, Canada","September 25, 2009"
234,Sens09a,2009,Full Paper,Commentary,8,Evaluation of software visualization tools: Lessons learned,"Sensalire, M.","Ogao, P.","Telea, A.",,,,,,,,,,3,3,3,15,0,0,0,0,0,0,0,2009,VISSOFT,5th IEEE International Workshop onVisualizing Software for Understanding and Analysis,"Edmonton, Alberta, Canada","September 25, 2009"
235,Cott09a,2009,Short paper,System,4,Compare and contrast: Visual exploration of source code examples ,"Cottrell, R.","Goyette, B.","Holmes, R.","Walker, R.J.","Denzinger, J.",,,,,,,,5,1,1,2,2,1,0,0,0,0,0,2009,VISSOFT,5th IEEE International Workshop onVisualizing Software for Understanding and Analysis,"Edmonton, Alberta, Canada","September 25, 2009"
236,More09a,2009,Short paper,Technique,4,Visualizing Calling Context profiles with Ring Charts ,"Moret, P.","Binder, W.","Ansaloni, D.","Villazon, A.",,,,,,,,,4,1,1,1,1,0,0,0,0,0,0,2009,VISSOFT,5th IEEE International Workshop onVisualizing Software for Understanding and Analysis,"Edmonton, Alberta, Canada","September 25, 2009"
237,Oliv09a,2009,Short paper,Formalism,4,Visualization of domain-specific programs' behavior,"Oliveira, N.","Pereira, M.J.V.","Henriques, P.R.","da Cruz, D.",,,,,,,,,4,1,1,1,1,0,0,0,0,0,0,2009,VISSOFT,5th IEEE International Workshop onVisualizing Software for Understanding and Analysis,"Edmonton, Alberta, Canada","September 25, 2009"
238,Hass09a,2009,Short paper,Formalism,4,Generating visualization-based analysis scenarios from maintenance task descriptions,"Hassaine, S.","Dhambri, K. ","Sahraoui, H.","Poulin, P.",,,,,,,,,4,1,1,5,2,0,0,0,0,0,0,2009,VISSOFT,5th IEEE International Workshop onVisualizing Software for Understanding and Analysis,"Edmonton, Alberta, Canada","September 25, 2009"
239,Voig09a,2009,Tool,Technique,4,Enhancing structural views of software systems by dynamic information ,"Voigt, S.","Bohnet, J.","Döllner, J.",,,,,,,,,,3,1,6,9,0,0,0,0,0,0,0,2009,VISSOFT,5th IEEE International Workshop onVisualizing Software for Understanding and Analysis,"Edmonton, Alberta, Canada","September 25, 2009"
240,Mont09a,2009,Tool,System,4,Sv3D meets Eclipse,"Montano, D.","Aponte, J.","Marcus, A.",,,,,,,,,,3,1,2,6,0,0,0,0,0,0,0,2009,VISSOFT,5th IEEE International Workshop onVisualizing Software for Understanding and Analysis,"Edmonton, Alberta, Canada","September 25, 2009"
241,Bohn09a,2009,Full Paper,Technique,8,Visualizing massively pruned execution traces to facilitate trace exploration,"Bohnet, J.","Koeleman, M.","Döllner, J.",,,,,,,,,,3,6,1,9,0,0,0,0,0,0,0,2009,VISSOFT,5th IEEE International Workshop onVisualizing Software for Understanding and Analysis,"Edmonton, Alberta, Canada","September 25, 2009"
242,Tele09a,2009,Full Paper,Design Study,8,Case study: Visual analytics in software product assessments,"Telea, A.","Voinea, L.",,,,,,,,,,,2,15,9,0,0,0,0,0,0,0,0,2009,VISSOFT,5th IEEE International Workshop onVisualizing Software for Understanding and Analysis,"Edmonton, Alberta, Canada","September 25, 2009"
243,Reis09a,2009,Full Paper,Technique,8,Visualizing the Java heap to detect memory problems ,"Reiss, S.P.",,,,,,,,,,,,1,8,0,0,0,0,0,0,0,0,0,2009,VISSOFT,5th IEEE International Workshop onVisualizing Software for Understanding and Analysis,"Edmonton, Alberta, Canada","September 25, 2009"
244,Tele09b,2009,Full Paper,Evaluation,8,Extraction and visualization of call dependencies for large C/C++ code bases: A comparative study,"Telea, A.","Hoogendorp, H.","Ersoy, O.","Reniers, D.",,,,,,,,,4,15,1,1,2,0,0,0,0,0,0,2009,VISSOFT,5th IEEE International Workshop onVisualizing Software for Understanding and Analysis,"Edmonton, Alberta, Canada","September 25, 2009"
245,Erde11a,2011,Paper,System,8,E-Quality: A graph based object oriented software quality visualization tool,"Erdemir, U.","Tekin, U.","Buzluca, F.",,,,,,,,,,3,1,1,1,0,0,0,0,0,0,0,2011,VISSOFT,6th IEEE International Workshop onVisualizing Software for Understanding and Analysis,"Williamsburg, Virginia, USA","September 29-30, 2011 "
246,Neu11a,2011,Paper,System,8,Telling stories about GNOME with Complicity,"Neu, S.","Lanza, M.","Hattori, L.","D'Ambros, M.",,,,,,,,,4,1,18,1,3,0,0,0,0,0,0,2011,VISSOFT,6th IEEE International Workshop onVisualizing Software for Understanding and Analysis,"Williamsburg, Virginia, USA","September 29-30, 2011 "
247,Imro11a,2011,Paper,System,8,Abstract visualization of runtime memory behavior,"Choudhury, A.N.M.I.","Rosen, P.",,,,,,,,,,,2,1,1,0,0,0,0,0,0,0,0,2011,VISSOFT,6th IEEE International Workshop onVisualizing Software for Understanding and Analysis,"Williamsburg, Virginia, USA","September 29-30, 2011"
248,Case11a,2011,Paper,Technique,8,3D Hierarchical Edge bundles to visualize relations in a software city metaphor,"Caserta, P.","Zendra, O.","Bodenes, D.",,,,,,,,,,3,1,1,1,0,0,0,0,0,0,0,2011,VISSOFT,6th IEEE International Workshop onVisualizing Software for Understanding and Analysis,"Williamsburg, Virginia, USA","September 29-30, 2011"
249,Deng11a,2011,Paper,Technique,8,Constellation visualization: Augmenting program dependence with dynamic information,Fang Deng,"DiGiuseppe, N.","Jones, J.A.",,,,,,,,,,3,1,1,5,0,0,0,0,0,0,0,2011,VISSOFT,6th IEEE International Workshop onVisualizing Software for Understanding and Analysis,"Williamsburg, Virginia, USA","September 29-30, 2011"
250,Beck11a,2011,Paper,Technique,8,Visually exploring multi-dimensional code couplings,"Beck, F.","Petkov, R.","Diehl, S.",,,,,,,,,,3,6,1,8,0,0,0,0,0,0,0,2011,VISSOFT,6th IEEE International Workshop onVisualizing Software for Understanding and Analysis,"Williamsburg, Virginia, USA","September 29-30, 2011"
251,Beck11b,2011,Paper,System,8,A visual analysis and design tool for planning software reengineerings,"Beck, M.","Trumper, J. ","Döllner, J.",,,,,,,,,,3,2,1,9,0,0,0,0,0,0,0,2011,VISSOFT,6th IEEE International Workshop onVisualizing Software for Understanding and Analysis,"Williamsburg, Virginia, USA","September 29-30, 2011"
252,Broe11a,2011,Paper,Design Study,8,Visual support for porting large code bases,"Broeksema, B.","Telea, A.",,,,,,,,,,,2,1,15,0,0,0,0,0,0,0,0,2011,VISSOFT,6th IEEE International Workshop onVisualizing Software for Understanding and Analysis,"Williamsburg, Virginia, USA","September 29-30, 2011"
253,Wirt11a,2011,Paper,System,4,A multi-level approach for visualization and exploration of reactive program behavior,"Wirth, C.","Prahofer, H.","Schatz, R.",,,,,,,,,,3,1,1,1,0,0,0,0,0,0,0,2011,VISSOFT,6th IEEE International Workshop onVisualizing Software for Understanding and Analysis,"Williamsburg, Virginia, USA","September 29-30, 2011"
254,Lonn11a,2011,Paper,Design Study,4,Visualising concurrent programs with dynamic dependence graphs,"Lonnberg, J.","Ben-Ari, M.","Malmi, L.",,,,,,,,,,3,1,1,3,0,0,0,0,0,0,0,2011,VISSOFT,6th IEEE International Workshop onVisualizing Software for Understanding and Analysis,"Williamsburg, Virginia, USA","September 29-30, 2011"
255,Waln11a,2011,Paper,Commentary,8,Follow that sketch: Lifecycles of diagrams and sketches in software development,"Walny, J.","Haber, J.","Dork, M.","Sillito, J.","Carpendale, S.",,,,,,,,5,1,1,1,1,1,0,0,0,0,0,2011,VISSOFT,6th IEEE International Workshop onVisualizing Software for Understanding and Analysis,"Williamsburg, Virginia, USA","September 29-30, 2011"
256,Nova11a,2011,Paper,System,4,An interactive differential and temporal approach to visually analyze software evolution,"Novais, R.L.","Lima, C.A.N.","de F Carneiro, G.","Paulo, R.M.S.","Mendonca, M.",,,,,,,,5,1,1,1,1,1,0,0,0,0,0,2011,VISSOFT,6th IEEE International Workshop onVisualizing Software for Understanding and Analysis,"Williamsburg, Virginia, USA","September 29-30, 2011"
257,Reni11a,2011,Paper,Design Study,4,"Visual exploration of program structure, dependencies and metrics with SolidSX","Reniers, D.","Voinea, L.","Telea, A.",,,,,,,,,,3,2,9,15,0,0,0,0,0,0,0,2011,VISSOFT,6th IEEE International Workshop onVisualizing Software for Understanding and Analysis,"Williamsburg, Virginia, USA","September 29-30, 2011"
258,Male11a,2011,Paper,Design Study,4,MosaiCode: Visualizing large scale software: A tool demonstration ,"Maletic, J.I.","Mosora, D.J.","Newman, C.D.","Collard, M.L.","Sutton, A.","Robinson, B.P.",,,,,,,6,8,1,1,2,1,1,0,0,0,0,2011,VISSOFT,6th IEEE International Workshop onVisualizing Software for Understanding and Analysis,"Williamsburg, Virginia, USA","September 29-30, 2011"
259,Wijk13a,2013,Keynote,N/A,1,Information visualization: Experiences and lessons learned,"van Wijk, J.J.",,,,,,,,,,,,1,4,0,0,0,0,0,0,0,0,0,2013,VISSOFT,First IEEE Working Conference on Software Visualization,"Eindhoven, the Netherlands","September 27-28, 2013"
260,Shar13a,2013,Paper,Evaluation,10,An empirical study assessing the effect of seeit 3D on comprehension,"Sharif, B.","Jetty, G.","Aponte, J.","Parra, E.",,,,,,,,,4,2,1,2,1,0,0,0,0,0,0,2013,VISSOFT,First IEEE Working Conference on Software Visualization,"Eindhoven, the Netherlands","September 27-28, 2013"
261,Wall13a,2013,Paper,System,4,Synchrovis: 3D visualization of monitoring traces in the city metaphor for analyzing concurrency,"Waller, J.","Wulf, C.","Fittkau, F.","Dohring, P.","Hasselbring, W.",,,,,,,,5,2,2,5,1,5,0,0,0,0,0,2013,VISSOFT,First IEEE Working Conference on Software Visualization,"Eindhoven, the Netherlands","September 27-28, 2013"
262,Reis13a,2013,Tool,Design Study,4,The visualizations of code bubbles,"Reiss, S.P.","Tarvo, A.",,,,,,,,,,,2,8,2,0,0,0,0,0,0,0,0,2013,VISSOFT,First IEEE Working Conference on Software Visualization,"Eindhoven, the Netherlands","September 27-28, 2013"
263,Else13a,2013,Paper,System,4,VisGi: Visualizing Git branches,"Elsen, S.",,,,,,,,,,,,1,1,0,0,0,0,0,0,0,0,0,2013,VISSOFT,First IEEE Working Conference on Software Visualization,"Eindhoven, the Netherlands","September 27-28, 2013"
264,Sand13a,2013,Paper,Technique,9,Performance evolution blueprint: Understanding the impact of software evolution on performance,"Sandoval, J.P."," Bergel, A.","Ducasse, S.","Denker, M.",,,,,,,,,4,1,1,4,1,0,0,0,0,0,0,2013,VISSOFT,First IEEE Working Conference on Software Visualization,"Eindhoven, the Netherlands","September 27-28, 2013"
265,Beno13a,2013,Paper,Design Study,10,Visualizing software dynamicities with heat maps ,"Benomar, O.","Sahraoui, H.","Poulin, P.",,,,,,,,,,3,3,5,2,0,0,0,0,0,0,0,2013,VISSOFT,First IEEE Working Conference on Software Visualization,"Eindhoven, the Netherlands","September 27-28, 2013"
266,Hanj13a,2013,Paper,System,4,ClonEvol: Visualizing software evolution with code clones,"Hanjalic, A.",,,,,,,,,,,,1,1,0,0,0,0,0,0,0,0,0,2013,VISSOFT,First IEEE Working Conference on Software Visualization,"Eindhoven, the Netherlands","September 27-28, 2013"
267,Zhi13a,2013,Paper,Design Study,4,DEVis: A tool for visualizing software document evolution,Junji Zhi,"Ruhe, G.",,,,,,,,,,,2,1,1,0,0,0,0,0,0,0,0,2013,VISSOFT,First IEEE Working Conference on Software Visualization,"Eindhoven, the Netherlands","September 27-28, 2013"
268,Ansl13a,2013,Paper,Design Study,10,SourceVis: Collaborative software visualization for co-located environments ,"Anslow, C.","Marshall, S.","Noble, J.","Biddle, R.",,,,,,,,,4,8,6,8,4,0,0,0,0,0,0,2013,VISSOFT,First IEEE Working Conference on Software Visualization,"Eindhoven, the Netherlands","September 27-28, 2013"
269,Balo13a,2013,Paper,System,4,CodeMetrpolis — A minecraft based collaboration tool for developers,"Balogh, G.","Beszedes, A.",,,,,,,,,,,2,1,1,0,0,0,0,0,0,0,0,2013,VISSOFT,First IEEE Working Conference on Software Visualization,"Eindhoven, the Netherlands","September 27-28, 2013"
270,Guzm13a,2013,Paper,Formalism,4,Visualizing emotions in software development projects,"Guzman, E.",,,,,,,,,,,,1,2,0,0,0,0,0,0,0,0,0,2013,VISSOFT,First IEEE Working Conference on Software Visualization,"Eindhoven, the Netherlands","September 27-28, 2013"
271,Abut13a,2013,Paper,Evaluation,10,Finding structures in multi-type code couplings with node-link and matrix visualizations,"Abuthawabeh, A.","Beck, F.","Zeckzer, D.","Diehl, S.",,,,,,,,,4,3,6,6,8,0,0,0,0,0,0,2013,VISSOFT,First IEEE Working Conference on Software Visualization,"Eindhoven, the Netherlands","September 27-28, 2013"
272,Mine13a,2013,Paper,Formalism,4,Visualizing the workflow of developers,"Minelli, R.","Lanza, M.",,,,,,,,,,,2,3,18,0,0,0,0,0,0,0,0,2013,VISSOFT,First IEEE Working Conference on Software Visualization,"Eindhoven, the Netherlands","September 27-28, 2013"
273,Shre13a,2013,Paper,Technique,4,Visualizing time and geography of open source software with storygraph,"Shrestha, A.",Ying Zhu,"Miller, B.",,,,,,,,,,3,1,1,1,0,0,0,0,0,0,0,2013,VISSOFT,First IEEE Working Conference on Software Visualization,"Eindhoven, the Netherlands","September 27-28, 2013"
274,Brad13a,2013,Paper,Formalism,4,Visuocode: A software development environment that supports spatial navigation and composition,"Bradley, D.R. ","Hayes, I.J.",,,,,,,,,,,2,1,1,0,0,0,0,0,0,0,0,2013,VISSOFT,First IEEE Working Conference on Software Visualization,"Eindhoven, the Netherlands","September 27-28, 2013"
275,Karr13a,2013,Paper,Design Study,10,SYNCTRACE: Visual thread-interplay analysis,"Karran, B.","Trumper, J.","Döllner, J.",,,,,,,,,,3,1,1,9,0,0,0,0,0,0,0,2013,VISSOFT,First IEEE Working Conference on Software Visualization,"Eindhoven, the Netherlands","September 27-28, 2013"
276,Pauw13a,2013,Paper,Technique,10,Visualizing jobs with shared resources in distributed environments,"de Pauw, W.","Wolf, J.","Balmin, A.",,,,,,,,,,3,4,1,1,0,0,0,0,0,0,0,2013,VISSOFT,First IEEE Working Conference on Software Visualization,"Eindhoven, the Netherlands","September 27-28, 2013"
277,Fitt13a,2013,Paper,Formalism,4,Live trace visualization for comprehending large software landscapes: The ExplorViz approach,"Fittkau, F.","Waller, J.","Wulf, C.","Hasselbring, W.",,,,,,,,,4,5,2,2,5,0,0,0,0,0,0,2013,VISSOFT,First IEEE Working Conference on Software Visualization,"Eindhoven, the Netherlands","September 27-28, 2013"
278,Pale13a,2013,Paper,Technique,4,Visualizing constituent behaviors within executions ,"Palepu, V.K.","Jones, J.A.",,,,,,,,,,,2,3,5,0,0,0,0,0,0,0,0,2013,VISSOFT,First IEEE Working Conference on Software Visualization,"Eindhoven, the Netherlands","September 27-28, 2013"
279,Vero13a,2013,Paper,Technique,4,Visualizing the allocation and death of objects ,"Veroy, R.L.","Ricci, N.P.","Guyer, S.Z.",,,,,,,,,,3,1,1,2,0,0,0,0,0,0,0,2013,VISSOFT,First IEEE Working Conference on Software Visualization,"Eindhoven, the Netherlands","September 27-28, 2013"
280,Gouv13a,2013,Paper,System,10,Using HTML5 visualizations in software fault localization,"Gouveia, C.","Campos, J.","Abreu, R.",,,,,,,,,,3,1,1,1,0,0,0,0,0,0,0,2013,VISSOFT,First IEEE Working Conference on Software Visualization,"Eindhoven, the Netherlands","September 27-28, 2013"
281,Reis13b,2013,Paper,Design Study,10,Automatic categorization and visualization of lock behavior,"Reiss, S.P.","Tarvo, A.",,,,,,,,,,,2,8,2,0,0,0,0,0,0,0,0,2013,VISSOFT,First IEEE Working Conference on Software Visualization,"Eindhoven, the Netherlands","September 27-28, 2013"
282,Wehr13a,2013,Paper,Technique,4,Lightweight software reverse engineering using augmented matrix visualizations,"Wehrwein, B.",,,,,,,,,,,,1,1,0,0,0,0,0,0,0,0,0,2013,VISSOFT,First IEEE Working Conference on Software Visualization,"Eindhoven, the Netherlands","September 27-28, 2013"
283,Sass13a,2013,Paper,System,4,A closer look at bugs,"Dal Sasso, T.","Lanza, M.",,,,,,,,,,,2,2,18,0,0,0,0,0,0,0,0,2013,VISSOFT,First IEEE Working Conference on Software Visualization,"Eindhoven, the Netherlands","September 27-28, 2013"
284,Lope13a,2013,Paper,Commentary,4,Towards interactive visualization support for pairwise testing software product lines,"Lopez-Herrejon, R.E.","Egyed, A.",,,,,,,,,,,2,1,1,0,0,0,0,0,0,0,0,2013,VISSOFT,First IEEE Working Conference on Software Visualization,"Eindhoven, the Netherlands","September 27-28, 2013"
285,Scan13a,2013,Paper,Formalism,4,Software entities as bird flocks and fish schools,"Scanniello, G.","Erra, U.",,,,,,,,,,,2,1,1,0,0,0,0,0,0,0,0,2013,VISSOFT,First IEEE Working Conference on Software Visualization,"Eindhoven, the Netherlands","September 27-28, 2013"
286,Beck13a,2013,Paper,Technique,4,Visual monitoring of numeric variables embedded in source code,"Beck, F.","Hollerich, F.","Diehl, S.","Weiskopf, D.",,,,,,,,,4,6,1,8,2,0,0,0,0,0,0,2013,VISSOFT,First IEEE Working Conference on Software Visualization,"Eindhoven, the Netherlands","September 27-28, 2013"
287,Home13a,2013,Paper,System,4,A tile-based editor for a textual programming language ,"Homer, M.","Noble, J.",,,,,,,,,,,2,2,8,0,0,0,0,0,0,0,0,2013,VISSOFT,First IEEE Working Conference on Software Visualization,"Eindhoven, the Netherlands","September 27-28, 2013"
288,Serv13a,2013,Paper,Design Study,4,Chronos: Visualizing slices of source-code history,"Servant, F.","Jones, J.A.",,,,,,,,,,,2,1,5,0,0,0,0,0,0,0,0,2013,VISSOFT,First IEEE Working Conference on Software Visualization,"Eindhoven, the Netherlands","September 27-28, 2013"
289,Fabr13a,2013,Paper,Formalism,4,Design decisions in AspectMaps,"Fabry, J.","Bergel, A.",,,,,,,,,,,2,2,4,0,0,0,0,0,0,0,0,2013,VISSOFT,First IEEE Working Conference on Software Visualization,"Eindhoven, the Netherlands","September 27-28, 2013"
290,Abut13b,2013,Paper,System,4,IMMV: An interactive multi-matrix visualization for program comprehension,"Abuthawabeh, A.","Zeckzer, D.",,,,,,,,,,,2,3,6,0,0,0,0,0,0,0,0,2013,VISSOFT,First IEEE Working Conference on Software Visualization,"Eindhoven, the Netherlands","September 27-28, 2013"
291,Stor14a,2014,Keynote,N/A,1,Visualization for Software Analytics by Margaret-Anne (Peggy) Storey,"Storey, M.-A.D.",,,,,,,,,,,,1,5,0,0,0,0,0,0,0,0,0,2014,VISSOFT,2nd IEEE Working Conference on Software Visualization,"Victoria, British Columbia, Canada ",29–30 September 2014
292,Rens14a,2014,Keynote,N/A,1,Visualization and Human Vision: A Tale of Two Systems by Ronald A. Rensink,"Rensink, R.A.",,,,,,,,,,,,1,1,0,0,0,0,0,0,0,0,0,2014,VISSOFT,2nd IEEE Working Conference on Software Visualization,"Victoria, British Columbia, Canada ",29–30 September 2014
293,Home14a,2014,Paper,System,10,Combining Tiled and Textual Views of Code,"Homer, M.","Noble, J.",,,,,,,,,,,2,2,8,0,0,0,0,0,0,0,0,2014,VISSOFT,2nd IEEE Working Conference on Software Visualization,"Victoria, British Columbia, Canada ",29–30 September 2014
294,Kule14a,2014,Paper,System,9,Integrating Anomaly Diagnosis Techniques into Spreadsheet Environments ,"Kulesz, D.","Scheurich, J.","Beck, F.",,,,,,,,,,3,1,1,6,0,0,0,0,0,0,0,2014,VISSOFT,2nd IEEE Working Conference on Software Visualization,"Victoria, British Columbia, Canada ",29–30 September 2014
295,Jaas14a,2014,Paper,Technique,5,Action-Based Visualization,"Jaaskelainen, A.","Jarvinen, H.-M.","Virtanen, H.",,,,,,,,,,3,1,1,1,0,0,0,0,0,0,0,2014,VISSOFT,2nd IEEE Working Conference on Software Visualization,"Victoria, British Columbia, Canada ",29–30 September 2014
296,Blou14a,2014,Paper,Technique,5,Slicing-Based Techniques for Visualizing Large Metamodels,"Blouin, A.","Moha, N.","Baudry, B.","Sahraoui, H.",,,,,,,,,4,1,1,1,5,0,0,0,0,0,0,2014,VISSOFT,2nd IEEE Working Conference on Software Visualization,"Victoria, British Columbia, Canada ",29–30 September 2014
297,Haug14a,2014,Paper,Technique,10,Search Space Pruning Constraints Visualization,"Haugen, B.","Kurzak, J.",,,,,,,,,,,2,1,1,0,0,0,0,0,0,0,0,2014,VISSOFT,2nd IEEE Working Conference on Software Visualization,"Victoria, British Columbia, Canada ",29–30 September 2014
298,Nobl14a,2014,Paper,Formalism,5,Livecoding the SynthKit: Little Bits as an Embodied Programming Language ,"Noble, J.",,,,,,,,,,,,1,8,0,0,0,0,0,0,0,0,0,2014,VISSOFT,2nd IEEE Working Conference on Software Visualization,"Victoria, British Columbia, Canada ",29–30 September 2014
299,Berg14a,2014,Paper,System,5,A Domain-Specific Language for Visualizing Software Dependencies as a Graph,"Bergel, A.","Maass, S.","Ducasse, S.","Gîrba, T.",,,,,,,,,4,4,1,4,5,0,0,0,0,0,0,2014,VISSOFT,2nd IEEE Working Conference on Software Visualization,"Victoria, British Columbia, Canada ",29–30 September 2014
300,Mart14a,2014,Paper,System,10,Feature Relations Graphs: A Visualisation Paradigm for Feature Constraints in Software Product Lines,"Martinez, J.","Ziadi, T.","Mazo, R.","Bissyande, T.F.","Klein, J.","Le Traon, Y.",,,,,,,6,1,1,1,1,1,1,0,0,0,0,2014,VISSOFT,2nd IEEE Working Conference on Software Visualization,"Victoria, British Columbia, Canada ",29–30 September 2014
301,Seri14a,2014,Paper,Commentary,10,Validation of Software Visualization Tools: A Systematic Mapping Study ,"Seriai, A.","Benomar, O.","Cerat, B.","Sahraoui, H.",,,,,,,,,4,1,3,1,5,0,0,0,0,0,0,2014,VISSOFT,2nd IEEE Working Conference on Software Visualization,"Victoria, British Columbia, Canada ",29–30 September 2014
302,Scho14a,2014,Paper,Taxonomy,5,Using a Task-Oriented Framework to Characterize Visualization Approaches,"Schots, M.","Werner, C.",,,,,,,,,,,2,1,1,0,0,0,0,0,0,0,0,2014,VISSOFT,2nd IEEE Working Conference on Software Visualization,"Victoria, British Columbia, Canada ",29–30 September 2014
303,Tart14a,2014,Tool,System,4,Mr. Clean: A Tool for Tracking and Comparing the Lineage of Scientific Visualization Code,"Tartari, G.","Tiede, L.","Holsbo, E.","Knudsen, K.","Raknes, I.A.","Fjukstad, B.","Mode, N.","Bjorndalen, J.M.","Lund, E.","Bongo, L.A.",,,10,1,1,1,1,1,1,1,1,1,1,2014,VISSOFT,2nd IEEE Working Conference on Software Visualization,"Victoria, British Columbia, Canada ",29–30 September 2014
304,Voin14a,2014,Tool,Design Study,4,Visual Clone Analysis with SolidSDD,"Voinea, L.","Telea, A.C.",,,,,,,,,,,2,9,1,0,0,0,0,0,0,0,0,2014,VISSOFT,2nd IEEE Working Conference on Software Visualization,"Victoria, British Columbia, Canada ",29–30 September 2014
305,Dani14a,2014,Tool,Design Study,4,Polyptychon: A Hierarchically-Constrained Classified Dependencies Visualization,"Daniel, D.T.","Wuchner, E.","Sokolov, K.","Stal, M."," Liggesmeyer, P.",,,,,,,,5,1,1,1,1,1,0,0,0,0,0,2014,VISSOFT,2nd IEEE Working Conference on Software Visualization,"Victoria, British Columbia, Canada ",29–30 September 2014
306,Bari14a,2014,Paper,Technique,10,How Developers Visualize Compiler Messages: A Foundational Approach to Notification Construction,"Barik, T.","Lubick, K.","Christie, S.","Murphy-Hill, E.",,,,,,,,,4,1,1,1,2,0,0,0,0,0,0,2014,VISSOFT,2nd IEEE Working Conference on Software Visualization,"Victoria, British Columbia, Canada ",29–30 September 2014
307,Topr14a,2014,Paper,System,10,Lightweight Structured Visualization of Assembler Control Flow Based on Regular Expressions ,"Toprak, S.","Wichmann, A.","Schupp, S.",,,,,,,,,,3,1,1,1,0,0,0,0,0,0,0,2014,VISSOFT,2nd IEEE Working Conference on Software Visualization,"Victoria, British Columbia, Canada ",29–30 September 2014
308,Roze14a,2014,Paper,System,5,Templated Visualization of Object State with Vebugger,"Rozenberg, D.","Beschastnikh, I.",,,,,,,,,,,2,1,1,0,0,0,0,0,0,0,0,2014,VISSOFT,2nd IEEE Working Conference on Software Visualization,"Victoria, British Columbia, Canada ",29–30 September 2014
309,Reis14a,2014,Paper,Commentary,5,The Challenge of Helping the Programmer during Debugging ,"Reiss, S.P.",,,,,,,,,,,,1,8,0,0,0,0,0,0,0,0,0,2014,VISSOFT,2nd IEEE Working Conference on Software Visualization,"Victoria, British Columbia, Canada ",29–30 September 2014
310,Ens14a,2014,Paper,Design Study,10,ChronoTwigger: A Visual Analytics Tool for Understanding Source and Test Co-evolution,"Ens, B.","Rea, D.","Shpaner, R.","Hemmati, H.","Young, J.E.","Irani, P.",,,,,,,6,1,1,1,1,1,1,0,0,0,0,2014,VISSOFT,2nd IEEE Working Conference on Software Visualization,"Victoria, British Columbia, Canada ",29–30 September 2014
311,Kula14a,2014,Paper,Design Study,10,Visualizing the Evolution of Systems and Their Library Dependencies,"Kula, R.G.","De Roover, C.","German, D.","Ishio, T.","Inoue, K.",,,,,,,,5,1,1,1,2,2,0,0,0,0,0,2014,VISSOFT,2nd IEEE Working Conference on Software Visualization,"Victoria, British Columbia, Canada ",29–30 September 2014
312,Rufi14a,2014,Paper,System,10,AniMatrix: A Matrix-Based Visualization of Software Evolution,"Rufiange, S.","Melancon, G.",,,,,,,,,,,2,1,1,0,0,0,0,0,0,0,0,2014,VISSOFT,2nd IEEE Working Conference on Software Visualization,"Victoria, British Columbia, Canada ",29–30 September 2014
313,Mine14a,2014,Paper,System,10,Visualizing Developer Interactions,"Minelli, R.","Mocci, A.","Lanza, M.","Baracchi, L.",,,,,,,,,4,3,2,18,1,0,0,0,0,0,0,2014,VISSOFT,2nd IEEE Working Conference on Software Visualization,"Victoria, British Columbia, Canada ",29–30 September 2014
314,Pare14a,2014,Paper,Taxonomy,10,Information Visualization for Agile Software Development ,"Paredes, J.","Anslow, C.","Maurer, F.",,,,,,,,,,3,1,8,1,0,0,0,0,0,0,0,2014,VISSOFT,2nd IEEE Working Conference on Software Visualization,"Victoria, British Columbia, Canada ",29–30 September 2014
315,Guzm14a,2014,Paper,System,5,FAVe: Visualizing User Feedback for Software Evolution ,"Guzman, E.","Bhuvanagiri, P.","Bruegge, B.",,,,,,,,,,3,2,1,1,0,0,0,0,0,0,0,2014,VISSOFT,2nd IEEE Working Conference on Software Visualization,"Victoria, British Columbia, Canada ",29–30 September 2014
316,Girb15b,2015,Keynote,Commentary,5,Pervasive Software Visualizations,"Gîrba, T.","Chis, A.",,,,,,,,,,,2,5,2,0,0,0,0,0,0,0,0,2015,VISSOFT,3nd IEEE Working Conference on Software Visualization,"Bremen, Germany","September 27-28, 2015"
317,Hess15a,2015,Paper,Technique,10,Stable Voronoi-Based Visualizations for Software Quality Monitoring,"Van Hees, R.","Hage, J.",,,,,,,,,,,2,1,1,0,0,0,0,0,0,0,0,2015,VISSOFT,3nd IEEE Working Conference on Software Visualization,"Bremen, Germany","September 27-28, 2015"
318,Khan15a,2015,Paper,System,10,Visual Analytics of Software Structure and Metrics,"Khan, T.","Barthel, H.","Ebert, A.","Liggesmeyer, P.",,,,,,,,,4,1,2,2,1,0,0,0,0,0,0,2015,VISSOFT,3nd IEEE Working Conference on Software Visualization,"Bremen, Germany","September 27-28, 2015"
319,Schn15a,2015,Paper,Design Study,10,Vestige: A Visualization Framework for Engineering Geometry-Related Software,"Schneider, T.","Zulian, P.","Azadmanesh, M.R.","Krause, R.","Hauswirth, M.",,,,,,,,5,1,1,1,1,2,0,0,0,0,0,2015,VISSOFT,3nd IEEE Working Conference on Software Visualization,"Bremen, Germany","September 27-28, 2015"
320,Fitt15a,2015,Paper,Design Study,10,Hierarchical Software Landscape Visualization for System Comprehension: A Controlled Experiment,"Fittkau, F.","Krause, A.","Hasselbring, W.",,,,,,,,,,3,5,1,5,0,0,0,0,0,0,0,2015,VISSOFT,3nd IEEE Working Conference on Software Visualization,"Bremen, Germany","September 27-28, 2015"
321,Basi15a,2015,Paper,Taxonomy,10,A Survey on Goal-Oriented Visualization of Clone Data,"Basit, H.A.","Hammad, M.","Koschke, R.",,,,,,,,,,3,1,1,2,0,0,0,0,0,0,0,2015,VISSOFT,3nd IEEE Working Conference on Software Visualization,"Bremen, Germany","September 27-28, 2015"
322,Gree15a,2015,Paper,Design Study,10,Interactive Tag Cloud Visualization of Software Version Control Repositories,"Greene, G.J.","Fischer, B.",,,,,,,,,,,2,1,1,0,0,0,0,0,0,0,0,2015,VISSOFT,3nd IEEE Working Conference on Software Visualization,"Bremen, Germany","September 27-28, 2015"
323,Scar15a,2015,Paper,Technique,10,Visualising Software as a Particle System,"Scarle, S.","Walkinshaw, N.",,,,,,,,,,,2,1,1,0,0,0,0,0,0,0,0,2015,VISSOFT,3nd IEEE Working Conference on Software Visualization,"Bremen, Germany","September 27-28, 2015"
324,Urli15a,2015,Paper,System,10,A Visual Support for Decomposing Complex Feature Models,"Urli, S.","Bergel, A.","Blay-Fornarino, M.","Collet, P.","Mosser, S.",,,,,,,,5,1,4,1,1,1,0,0,0,0,0,2015,VISSOFT,3nd IEEE Working Conference on Software Visualization,"Bremen, Germany","September 27-28, 2015"
325,Pale15a,2015,Paper,System,10,Revealing Runtime Features and Constituent Behaviors within Software,"Palepu, V.K.","Jones, J.A.",,,,,,,,,,,2,3,5,0,0,0,0,0,0,0,0,2015,VISSOFT,3nd IEEE Working Conference on Software Visualization,"Bremen, Germany","September 27-28, 2015"
326,Hawe15a,2015,Paper,Technique,10,CodeSurveyor: Mapping Large-Scale Software to Aid in Code Comprehension,"Hawes, N.","Marshall, S.","Anslow, C.",,,,,,,,,,3,1,6,8,0,0,0,0,0,0,0,2015,VISSOFT,3nd IEEE Working Conference on Software Visualization,"Bremen, Germany","September 27-28, 2015"
327,Dals15a,2015,Paper,Design Study,10,"Blended, Not Stirred: Multi-concern Visualization of Large Software Systems","Dal Sasso, T.","Minelli, R.","Mocci, A.","Lanza, M.",,,,,,,,,4,2,3,2,18,0,0,0,0,0,0,2015,VISSOFT,3nd IEEE Working Conference on Software Visualization,"Bremen, Germany","September 27-28, 2015"
328,Burc15a,2015,Paper,Technique,9,Visualizing Work Processes in Software Engineering with Developer Rivers,"Burch, M.","Munz, T.","Beck, F.","Weiskopf, D.",,,,,,,,,4,3,1,6,2,0,0,0,0,0,0,2015,VISSOFT,3nd IEEE Working Conference on Software Visualization,"Bremen, Germany","September 27-28, 2015"
329,Fitt15b,2015,NIER,Evaluation,5,Research Perspective on Supporting Software Engineering via Physical 3D Models,"Fittkau, F.","Koppenhagen, E.","Hasselbring, W.",,,,,,,,,,3,5,1,5,0,0,0,0,0,0,0,2015,VISSOFT,3nd IEEE Working Conference on Software Visualization,"Bremen, Germany","September 27-28, 2015"
330,Fitt15c,2015,NIER,Formalism,5,Exploring Software Cities in Virtual Reality,"Fittkau, F.","Krause, A. ","Hasselbring, W.",,,,,,,,,,3,5,1,5,0,0,0,0,0,0,0,2015,VISSOFT,3nd IEEE Working Conference on Software Visualization,"Bremen, Germany","September 27-28, 2015"
331,Camp15a,2015,NIER,System,5,From Robots to Humans: Visualizations for Robot Sensor Data,"Campusano, M.","Fabry, J.",,,,,,,,,,,2,1,2,0,0,0,0,0,0,0,0,2015,VISSOFT,3nd IEEE Working Conference on Software Visualization,"Bremen, Germany","September 27-28, 2015"
332,Petr15a,2015,NIER,System,5,Visualizing Interactive and Shared Debugging Sessions,"Petrillo, F.","Lacerda, G.","Pimenta, M.","Freitas, C.",,,,,,,,,4,1,1,1,1,0,0,0,0,0,0,2015,VISSOFT,3nd IEEE Working Conference on Software Visualization,"Bremen, Germany","September 27-28, 2015"
333,Kube15a,2015,NIER,System,5,On Understanding How Developers Use the Spotter Search Tool,"Kubelka, J.","Bergel, A.","Chis, A.","Gîrba, T.","Reichhart, S.","Robbes, R.","Syrel, A.",,,,,,7,1,4,2,5,1,2,1,0,0,0,2015,VISSOFT,3nd IEEE Working Conference on Software Visualization,"Bremen, Germany","September 27-28, 2015"
334,Matt15a,2015,NIER,Commentary,5,Unified Model for Software Engineering Data,"Mattila, A.L.","Luoto, A.","Terho, H.","Hylli, O.","Sievi-Korte, O.","Systa_, K.",,,,,,,6,1,1,1,1,1,1,0,0,0,0,2015,VISSOFT,3nd IEEE Working Conference on Software Visualization,"Bremen, Germany","September 27-28, 2015"
335,Saie15a,2015,NIER,Technique,5,Visualization Based API Usage Patterns Refining,"Saied, M.A.","Benomar, O.","Sahraoui, H.",,,,,,,,,,3,1,3,5,0,0,0,0,0,0,0,2015,VISSOFT,3nd IEEE Working Conference on Software Visualization,"Bremen, Germany","September 27-28, 2015"
336,Cott15a,2015,NIER,Design Study,5,Pixel-Oriented Techniques for Visualizing Next-Generation HPC Systems,"Cottam, J.","Martin, B.","Dalessandro, L.","Lumsdaine, A.",,,,,,,,,4,1,1,1,2,0,0,0,0,0,0,2015,VISSOFT,3nd IEEE Working Conference on Software Visualization,"Bremen, Germany","September 27-28, 2015"
337,Saka15a,2015,NIER,System,5,Extracting a Unified Directory Tree to Compare Similar Software Products,"Sakaguchi, Y.","Ishio, T.","Kanda, T.","Inoue, K.",,,,,,,,,4,1,2,1,2,0,0,0,0,0,0,2015,VISSOFT,3nd IEEE Working Conference on Software Visualization,"Bremen, Germany","September 27-28, 2015"
338,Geor15a,2015,Tool,Design Study,5,Kayrebt: An Activity Diagram Extraction and Visualization Toolset Designed for the Linux Codebase,"Georget, L.","Tronel, F.","Tong, V.V.T.",,,,,,,,,,3,1,1,1,0,0,0,0,0,0,0,2015,VISSOFT,3nd IEEE Working Conference on Software Visualization,"Bremen, Germany","September 27-28, 2015"
339,Abut15a,2015,Tool,Design Study,5,SMNLV: A Small-Multiples Node-Link Visualization Supporting Software Comprehension by Displaying Multiple Relationships in Software Structure,"Abuthawabeh, A.","Zeckzer, D.",,,,,,,,,,,2,3,6,0,0,0,0,0,0,0,0,2015,VISSOFT,3nd IEEE Working Conference on Software Visualization,"Bremen, Germany","September 27-28, 2015"
340,Pape15a,2015,Tool,System,5,Polyhedral User Mapping and Assistant Visualizer Tool for the R-Stream Auto-Parallelizing Compiler,"Papenhausen, E.","Wang, B.","Langston, M.H.","Baskaran, M.","Henretty, T.","Izubuchi, T.","Johnson, A.","Jung, C.","Lin, M.","Meister, B.","Mueller, K.","Lethin, R.",10,1,1,1,1,1,1,1,1,1,1,2015,VISSOFT,3nd IEEE Working Conference on Software Visualization,"Bremen, Germany","September 27-28, 2015"
341,Moln15a,2015,Tool,Design Study,5,Live Visualization of GUI Application Code Coverage with GUITracer,"Molnar, A.J.",,,,,,,,,,,,1,1,0,0,0,0,0,0,0,0,0,2015,VISSOFT,3nd IEEE Working Conference on Software Visualization,"Bremen, Germany","September 27-28, 2015"
342,Sant15a,2015,Tool,System,5,OrionPlanning: Improving Modularization and Checking Consistency on Software Architecture,"Santos, G.","Anquetil, N.","Etien, A.","Ducasse, S.","Valente, M.T.",,,,,,,,5,1,1,1,4,1,0,0,0,0,0,2015,VISSOFT,3nd IEEE Working Conference on Software Visualization,"Bremen, Germany","September 27-28, 2015"
343,Meri15b,2015,Tool,Technique,5,Explora: A Visualisation Tool for Metric Analysis of Software Corpora,"Merino, L.","Lungu, M.","Nierstrasz, O.",,,,,,,,,,3,1,4,2,0,0,0,0,0,0,0,2015,VISSOFT,3nd IEEE Working Conference on Software Visualization,"Bremen, Germany","September 27-28, 2015"
344,Kout15a,2015,Tool,Design Study,5,Advancing Data Race Investigation and Classification through Visualization,"Koutsopoulos, N.","Northover, M.","Felden, T.","Wittiger, M.",,,,,,,,,4,1,1,1,1,0,0,0,0,0,0,2015,VISSOFT,3nd IEEE Working Conference on Software Visualization,"Bremen, Germany","September 27-28, 2015"
345,Redd15a,2015,Tool,Formalism,5,"SPIDER SENSE: Software-Engineering, Networked, System Evaluation","Reddy, N.H.","Kim, J.","Palepu, V.K.","Jones, J.A.",,,,,,,,,4,1,1,1,3,5,0,0,0,0,0,2015,VISSOFT,3nd IEEE Working Conference on Software Visualization,"Bremen, Germany","September 27-28, 2015"
346,Hodn15a,2015,Tool,Design Study,5,XVIZIT: Visualizing Cognitive Units in Spreadsheets,"Hodnigg, K.","Pinzger, M.",,,,,,,,,,,2,1,3,0,0,0,0,0,0,0,0,2015,VISSOFT,3nd IEEE Working Conference on Software Visualization,"Bremen, Germany","September 27-28, 2015"